Date, Community Area
01/01/2011,29
01/01/2011,73
01/02/2011,52
01/02/2011,53
01/03/2011,49
01/03/2011,46
01/03/2011,42
01/03/2011,71
01/04/2011,24
01/04/2011,42
01/04/2011,75
01/05/2011,53
01/05/2011,25
01/05/2011,67
01/05/2011,2
01/06/2011,51
01/06/2011,64
01/06/2011,46
01/06/2011,29
01/07/2011,61
01/07/2011,40
01/07/2011,40
01/08/2011,66
01/08/2011,38
01/09/2011,25
01/10/2011,39
01/10/2011,53
01/10/2011,69
01/10/2011,63
01/10/2011,46
01/11/2011,42
01/11/2011,49
01/11/2011,24
01/11/2011,61
01/11/2011,52
01/12/2011,25
01/12/2011,52
01/12/2011,68
01/12/2011,67
01/13/2011,45
01/13/2011,43
01/13/2011,51
01/14/2011,46
01/14/2011,49
01/14/2011,49
01/14/2011,56
01/14/2011,43
01/14/2011,23
01/14/2011,16
01/14/2011,23
01/14/2011,26
01/14/2011,43
01/15/2011,61
01/17/2011,25
01/17/2011,69
01/17/2011,25
01/18/2011,23
01/18/2011,49
01/19/2011,71
01/19/2011,70
01/19/2011,40
01/19/2011,14
01/20/2011,61
01/20/2011,66
01/20/2011,66
01/20/2011,66
01/20/2011,66
01/20/2011,26
01/21/2011,49
01/21/2011,43
01/22/2011,71
01/24/2011,42
01/24/2011,40
01/24/2011,53
01/24/2011,29
01/24/2011,66
01/24/2011,44
01/25/2011,67
01/25/2011,42
01/25/2011,23
01/25/2011,43
01/26/2011,28
01/26/2011,61
01/26/2011,67
01/26/2011,67
01/26/2011,28
01/27/2011,67
01/27/2011,53
01/28/2011,43
01/29/2011,4
01/31/2011,54
01/31/2011,23
02/01/2011,61
02/01/2011,45
02/01/2011,29
02/01/2011,45
02/01/2011,26
02/03/2011,53
02/03/2011,49
02/03/2011,46
02/03/2011,46
02/03/2011,46
02/03/2011,49
02/04/2011,49
02/04/2011,67
02/08/2011,56
02/08/2011,71
02/08/2011,44
02/08/2011,53
02/08/2011,53
02/08/2011,61
02/08/2011,48
02/09/2011,25
02/09/2011,53
02/09/2011,39
02/10/2011,42
02/10/2011,69
02/10/2011,67
02/10/2011,66
02/10/2011,43
02/10/2011,19
02/10/2011,26
02/10/2011,38
02/10/2011,26
02/10/2011,25
02/11/2011,46
02/11/2011,30
02/12/2011,69
02/12/2011,43
02/13/2011,23
02/13/2011,67
02/14/2011,69
02/14/2011,68
02/15/2011,49
02/15/2011,29
02/15/2011,68
02/15/2011,69
02/15/2011,42
02/15/2011,42
02/15/2011,69
02/15/2011,69
02/15/2011,42
02/15/2011,45
02/16/2011,43
02/16/2011,25
02/17/2011,25
02/16/2011,43
02/16/2011,58
02/17/2011,53
02/17/2011,53
02/17/2011,53
02/17/2011,43
02/17/2011,29
02/17/2011,25
02/17/2011,68
02/17/2011,69
02/18/2011,44
02/18/2011,69
02/18/2011,12
02/18/2011,49
02/18/2011,25
02/18/2011,25
02/18/2011,52
02/18/2011,68
02/19/2011,67
02/19/2011,23
02/19/2011,27
02/19/2011,69
02/19/2011,3
02/21/2011,73
02/21/2011,15
02/22/2011,42
02/22/2011,67
02/22/2011,48
02/22/2011,23
02/23/2011,54
02/23/2011,31
02/23/2011,69
02/23/2011,71
02/23/2011,69
02/23/2011,69
02/23/2011,67
02/23/2011,31
02/24/2011,25
02/24/2011,44
02/25/2011,24
02/25/2011,69
02/25/2011,36
02/26/2011,71
02/28/2011,53
02/28/2011,25
02/28/2011,24
03/01/2011,68
03/01/2011,53
03/01/2011,41
03/01/2011,53
03/01/2011,42
03/01/2011,42
03/01/2011,42
03/01/2011,26
03/01/2011,50
03/02/2011,61
03/02/2011,47
03/02/2011,30
03/02/2011,61
03/02/2011,53
03/02/2011,3
03/02/2011,45
03/02/2011,7
03/02/2011,69
03/02/2011,67
03/03/2011,38
03/03/2011,20
03/03/2011,43
03/03/2011,29
03/03/2011,30
03/03/2011,67
03/03/2011,8
03/03/2011,29
03/04/2011,2
03/05/2011,66
03/05/2011,48
03/05/2011,49
03/07/2011,69
03/07/2011,67
03/08/2011,48
03/08/2011,68
03/08/2011,8
03/08/2011,26
03/08/2011,68
03/08/2011,49
03/08/2011,29
03/08/2011,69
03/09/2011,67
03/09/2011,69
03/09/2011,69
03/10/2011,49
03/10/2011,26
03/10/2011,49
03/10/2011,9
03/11/2011,29
03/11/2011,23
03/11/2011,75
03/11/2011,9
03/11/2011,15
03/11/2011,23
03/11/2011,25
03/11/2011,26
03/11/2011,25
03/12/2011,26
03/13/2011,49
03/13/2011,49
03/13/2011,23
03/14/2011,49
03/14/2011,30
03/14/2011,52
03/14/2011,43
03/14/2011,25
03/14/2011,25
03/14/2011,68
03/14/2011,67
03/15/2011,53
03/15/2011,49
03/15/2011,71
03/15/2011,53
03/15/2011,74
03/15/2011,67
03/15/2011,69
03/15/2011,68
03/15/2011,23
03/15/2011,16
03/16/2011,52
03/16/2011,24
03/16/2011,29
03/16/2011,67
03/16/2011,27
03/16/2011,8
03/16/2011,26
03/17/2011,61
03/17/2011,27
03/17/2011,67
03/17/2011,71
03/17/2011,23
03/17/2011,69
03/17/2011,43
03/17/2011,25
03/18/2011,69
03/18/2011,44
03/18/2011,49
03/18/2011,58
03/19/2011,42
03/19/2011,26
03/20/2011,23
03/20/2011,50
03/20/2011,53
03/21/2011,49
03/21/2011,44
03/21/2011,46
03/22/2011,61
03/22/2011,71
03/22/2011,7
03/23/2011,25
03/23/2011,19
03/23/2011,23
03/23/2011,23
03/23/2011,23
03/23/2011,23
03/23/2011,4
03/24/2011,43
03/24/2011,67
03/24/2011,29
03/24/2011,22
03/24/2011,29
03/24/2011,46
03/24/2011,5
03/25/2011,23
03/25/2011,49
03/28/2011,40
03/28/2011,23
03/28/2011,3
03/29/2011,29
03/29/2011,67
03/29/2011,67
03/29/2011,25
03/29/2011,42
03/29/2011,2
03/29/2011,40
03/30/2011,68
03/30/2011,25
03/30/2011,67
03/30/2011,52
03/30/2011,67
03/31/2011,43
04/01/2011,66
04/01/2011,73
04/01/2011,18
04/01/2011,53
04/01/2011,46
04/01/2011,73
04/02/2011,62
04/02/2011,49
04/02/2011,66
04/02/2011,67
04/02/2011,67
04/02/2011,40
04/03/2011,71
04/03/2011,42
04/03/2011,67
04/04/2011,52
04/04/2011,25
04/04/2011,67
04/04/2011,66
04/04/2011,49
04/06/2011,67
04/06/2011,46
04/06/2011,63
04/07/2011,29
04/07/2011,53
04/07/2011,41
04/07/2011,29
04/07/2011,69
04/07/2011,23
04/07/2011,29
04/07/2011,25
04/07/2011,53
04/08/2011,67
04/08/2011,29
04/08/2011,29
04/08/2011,67
04/08/2011,42
04/08/2011,65
04/09/2011,23
04/10/2011,49
04/10/2011,23
04/11/2011,68
04/11/2011,49
04/11/2011,68
04/11/2011,46
04/11/2011,29
04/11/2011,29
04/11/2011,67
04/11/2011,29
04/11/2011,27
04/11/2011,47
04/11/2011,67
04/11/2011,25
04/11/2011,42
04/11/2011,73
04/11/2011,73
04/11/2011,73
04/12/2011,67
04/12/2011,5
04/12/2011,23
04/12/2011,45
04/12/2011,48
04/12/2011,48
04/12/2011,50
04/12/2011,48
04/12/2011,55
04/12/2011,26
04/12/2011,68
04/12/2011,56
04/12/2011,14
04/12/2011,25
04/12/2011,16
04/12/2011,67
04/13/2011,29
04/13/2011,69
04/13/2011,25
04/14/2011,25
04/14/2011,25
04/14/2011,44
04/14/2011,31
04/14/2011,5
04/14/2011,68
04/14/2011,25
04/14/2011,25
04/14/2011,25
04/15/2011,68
04/15/2011,29
04/15/2011,61
04/15/2011,25
04/15/2011,28
04/15/2011,26
04/15/2011,17
04/17/2011,43
04/17/2011,68
04/17/2011,53
04/18/2011,61
04/18/2011,73
04/18/2011,25
04/18/2011,67
04/18/2011,26
04/18/2011,50
04/19/2011,67
04/19/2011,70
04/19/2011,49
04/19/2011,49
04/19/2011,26
04/20/2011,43
04/20/2011,67
04/20/2011,71
04/21/2011,25
04/21/2011,49
04/21/2011,61
04/22/2011,66
04/22/2011,1
04/22/2011,28
04/22/2011,27
04/22/2011,27
04/22/2011,25
04/22/2011,49
04/23/2011,27
04/23/2011,68
04/23/2011,14
04/23/2011,73
04/23/2011,43
04/24/2011,22
04/25/2011,23
04/25/2011,67
04/25/2011,26
04/25/2011,77
04/25/2011,43
04/25/2011,46
04/26/2011,44
04/26/2011,23
04/26/2011,7
04/26/2011,68
04/27/2011,25
04/27/2011,29
04/27/2011,69
04/27/2011,23
04/27/2011,22
04/27/2011,4
04/27/2011,66
04/28/2011,29
04/28/2011,6
04/28/2011,71
04/28/2011,68
04/28/2011,44
04/28/2011,67
04/28/2011,67
04/28/2011,25
04/28/2011,25
04/29/2011,29
04/29/2011,29
04/29/2011,25
04/29/2011,66
04/30/2011,71
04/30/2011,66
05/01/2011,43
05/02/2011,44
05/02/2011,25
05/03/2011,61
05/03/2011,53
05/03/2011,69
05/03/2011,17
05/03/2011,47
05/03/2011,44
05/03/2011,7
05/03/2011,66
05/03/2011,66
05/03/2011,59
05/03/2011,22
05/03/2011,67
05/04/2011,26
05/04/2011,40
05/04/2011,48
05/05/2011,66
05/05/2011,5
05/06/2011,75
05/06/2011,67
05/06/2011,27
05/06/2011,43
05/07/2011,49
05/08/2011,58
05/09/2011,71
05/09/2011,49
05/09/2011,46
05/09/2011,46
05/09/2011,46
05/09/2011,68
05/10/2011,22
05/11/2011,51
05/11/2011,40
05/11/2011,23
05/11/2011,66
05/11/2011,26
05/11/2011,69
05/12/2011,68
05/12/2011,68
05/12/2011,25
05/12/2011,49
05/12/2011,40
05/12/2011,71
05/12/2011,21
05/12/2011,68
05/13/2011,49
05/13/2011,29
05/13/2011,43
05/14/2011,4
05/15/2011,61
05/16/2011,33
05/16/2011,67
05/16/2011,49
05/16/2011,63
05/16/2011,68
05/16/2011,63
05/17/2011,73
05/17/2011,24
05/17/2011,23
05/17/2011,75
05/17/2011,25
05/18/2011,71
05/18/2011,66
05/18/2011,42
05/18/2011,66
05/18/2011,45
05/18/2011,69
05/19/2011,25
05/19/2011,23
05/19/2011,69
05/19/2011,29
05/19/2011,49
05/19/2011,52
05/19/2011,13
05/19/2011,46
05/19/2011,67
05/19/2011,19
05/20/2011,43
05/20/2011,25
05/20/2011,23
05/20/2011,40
05/20/2011,69
05/20/2011,52
05/20/2011,66
05/20/2011,44
05/21/2011,67
05/21/2011,52
05/21/2011,68
05/21/2011,67
05/21/2011,26
05/21/2011,69
05/22/2011,61
05/22/2011,44
05/22/2011,43
05/23/2011,49
05/23/2011,25
05/23/2011,41
05/23/2011,30
05/23/2011,30
05/23/2011,29
05/23/2011,53
05/23/2011,42
05/24/2011,3
05/24/2011,25
05/24/2011,25
05/24/2011,49
05/24/2011,67
05/24/2011,71
05/24/2011,52
05/24/2011,52
05/24/2011,52
05/24/2011,18
05/25/2011,49
05/25/2011,49
05/25/2011,49
05/25/2011,27
05/25/2011,70
05/25/2011,23
05/25/2011,53
05/25/2011,27
05/25/2011,69
05/25/2011,45
05/26/2011,49
05/26/2011,53
05/26/2011,49
05/26/2011,24
05/27/2011,25
05/27/2011,29
05/27/2011,29
05/28/2011,26
05/28/2011,14
05/30/2011,69
05/30/2011,25
05/31/2011,43
05/31/2011,42
05/31/2011,46
05/31/2011,46
05/31/2011,27
05/31/2011,71
06/01/2011,44
06/01/2011,25
06/01/2011,67
06/01/2011,67
06/01/2011,68
06/01/2011,52
06/01/2011,26
06/01/2011,27
06/01/2011,17
06/01/2011,69
06/01/2011,71
06/02/2011,69
06/02/2011,42
06/02/2011,67
06/02/2011,45
06/03/2011,21
06/04/2011,67
06/04/2011,49
06/04/2011,59
06/05/2011,
06/06/2011,67
06/06/2011,44
06/06/2011,25
06/06/2011,25
06/06/2011,67
06/06/2011,70
06/07/2011,8
06/07/2011,42
06/07/2011,21
06/07/2011,42
06/07/2011,48
06/07/2011,70
06/07/2011,18
06/08/2011,69
06/08/2011,68
06/08/2011,52
06/08/2011,49
06/08/2011,26
06/08/2011,58
06/08/2011,43
06/08/2011,44
06/09/2011,49
06/09/2011,7
06/09/2011,35
06/09/2011,70
06/10/2011,55
06/10/2011,67
06/10/2011,21
06/10/2011,25
06/10/2011,46
06/11/2011,28
06/12/2011,25
06/12/2011,49
06/13/2011,30
06/13/2011,66
06/13/2011,25
06/13/2011,63
06/14/2011,61
06/14/2011,23
06/14/2011,23
06/14/2011,69
06/14/2011,42
06/14/2011,43
06/14/2011,25
06/15/2011,49
06/15/2011,53
06/15/2011,67
06/15/2011,25
06/15/2011,75
06/15/2011,48
06/15/2011,48
06/15/2011,44
06/16/2011,67
06/16/2011,58
06/16/2011,67
06/16/2011,16
06/16/2011,68
06/16/2011,22
06/16/2011,66
06/16/2011,63
06/16/2011,66
06/17/2011,58
06/17/2011,17
06/17/2011,67
06/17/2011,53
06/17/2011,53
06/17/2011,30
06/18/2011,19
06/19/2011,23
06/20/2011,50
06/20/2011,43
06/20/2011,24
06/20/2011,73
06/20/2011,61
06/20/2011,68
06/20/2011,28
06/21/2011,27
06/21/2011,49
06/21/2011,71
06/21/2011,71
06/21/2011,6
06/21/2011,53
06/21/2011,46
05/10/2011,68
06/22/2011,67
06/22/2011,75
06/22/2011,66
06/22/2011,66
06/22/2011,52
06/22/2011,52
06/22/2011,52
06/22/2011,67
06/22/2011,73
06/22/2011,44
06/22/2011,35
06/23/2011,49
06/23/2011,25
06/23/2011,49
06/23/2011,47
06/23/2011,43
06/23/2011,29
06/23/2011,67
06/24/2011,49
06/24/2011,44
06/24/2011,67
06/24/2011,27
06/24/2011,29
06/24/2011,70
06/25/2011,18
06/25/2011,68
06/26/2011,35
06/26/2011,67
06/27/2011,26
06/27/2011,26
06/27/2011,43
06/27/2011,67
06/27/2011,68
06/27/2011,26
06/27/2011,68
06/27/2011,66
06/27/2011,67
06/27/2011,67
06/27/2011,68
06/28/2011,5
06/28/2011,67
06/28/2011,67
06/28/2011,49
06/28/2011,28
06/28/2011,68
06/28/2011,68
06/28/2011,53
06/28/2011,22
06/29/2011,30
06/29/2011,39
06/29/2011,51
06/29/2011,26
06/29/2011,42
06/30/2011,29
06/30/2011
06/30/2011,38
06/30/2011,68
06/30/2011,73
06/30/2011,23
06/30/2011,25
07/01/2011,29
07/01/2011,29
07/01/2011,69
07/01/2011,30
07/02/2011,49
07/02/2011,68
07/02/2011,20
07/03/2011,48
07/04/2011,48
07/04/2011,49
07/05/2011,48
07/05/2011,73
07/05/2011,49
07/05/2011,57
07/05/2011,68
07/05/2011,67
07/05/2011,42
07/06/2011,68
07/06/2011,68
07/06/2011,68
07/06/2011,15
07/06/2011,64
07/06/2011,51
07/07/2011,73
07/07/2011,43
07/07/2011,49
07/07/2011,67
07/07/2011,38
07/07/2011,36
07/07/2011,71
07/07/2011,46
07/07/2011,73
07/07/2011,53
07/07/2011,44
07/07/2011,48
07/07/2011,16
07/07/2011,46
07/08/2011,25
07/08/2011,49
07/08/2011,25
07/08/2011,53
07/08/2011,68
07/08/2011,75
07/09/2011,23
07/09/2011,38
07/09/2011,44
07/09/2011,7
07/09/2011,69
07/11/2011,53
07/10/2011,73
07/10/2011,43
07/11/2011,13
07/11/2011,49
07/11/2011,46
07/11/2011,70
07/11/2011,23
07/11/2011,29
07/11/2011,29
07/11/2011,26
07/12/2011,26
07/12/2011,67
07/12/2011,30
07/12/2011,29
07/12/2011,42
07/12/2011,29
07/12/2011,69
07/13/2011,42
07/13/2011,25
07/13/2011,52
07/13/2011,66
07/13/2011,52
07/13/2011,68
07/14/2011,71
07/14/2011,53
07/14/2011,71
07/14/2011,27
07/14/2011,6
07/14/2011,25
07/14/2011,48
07/14/2011,29
07/15/2011,68
07/15/2011,26
07/15/2011,29
07/15/2011,67
07/15/2011,19
07/15/2011,19
07/15/2011,25
07/15/2011,25
07/15/2011,25
07/16/2011,67
07/18/2011,74
07/18/2011,68
07/18/2011,70
07/19/2011,37
07/19/2011,69
07/19/2011,8
07/19/2011,66
07/19/2011,41
07/19/2011,68
07/19/2011,17
07/19/2011,67
07/19/2011,26
07/19/2011,75
07/19/2011,26
07/19/2011,26
07/19/2011,26
07/19/2011,26
07/20/2011,38
07/21/2011,46
07/21/2011,69
07/21/2011,69
07/21/2011,25
07/21/2011,68
07/21/2011,68
07/21/2011,67
07/22/2011,66
07/22/2011,10
07/22/2011,46
07/22/2011,54
07/22/2011,25
07/22/2011,25
07/22/2011,25
07/22/2011,25
07/22/2011,25
07/22/2011,25
07/22/2011,25
07/22/2011,25
07/22/2011,25
07/22/2011,26
07/22/2011,26
07/22/2011,26
07/22/2011,25
07/22/2011,26
07/22/2011,26
07/22/2011,26
07/22/2011,61
07/22/2011,44
07/22/2011,61
07/23/2011,26
07/23/2011,61
07/24/2011,53
07/24/2011,69
07/24/2011,69
07/25/2011,31
07/25/2011,30
07/25/2011,25
07/25/2011,26
07/25/2011,26
07/25/2011,26
07/25/2011,26
07/25/2011,26
07/25/2011,26
07/25/2011,26
07/25/2011,26
07/25/2011,26
07/25/2011,26
07/25/2011,26
07/26/2011,23
07/26/2011,25
07/26/2011,25
07/26/2011,69
07/26/2011,40
07/26/2011,22
07/27/2011,29
07/27/2011,25
07/27/2011,70
07/27/2011,26
07/27/2011,16
07/27/2011,23
07/27/2011,25
07/27/2011,18
07/27/2011,16
07/27/2011,51
07/27/2011,23
07/28/2011,68
07/28/2011,68
07/28/2011,68
07/28/2011,68
07/28/2011,51
07/29/2011,43
07/29/2011,45
07/29/2011,49
07/29/2011,67
07/29/2011,12
07/31/2011,61
07/31/2011,61
08/01/2011,13
08/01/2011,25
08/01/2011,42
08/01/2011,46
08/01/2011,61
08/01/2011,61
08/01/2011,61
08/02/2011,69
08/02/2011,43
08/02/2011,66
08/02/2011,61
08/02/2011,26
08/02/2011,26
08/02/2011,21
08/02/2011,49
08/02/2011,49
08/03/2011,71
08/03/2011,43
08/03/2011,25
08/03/2011,45
08/03/2011,42
08/03/2011,43
08/03/2011,49
08/03/2011,25
08/03/2011,25
08/03/2011,31
08/04/2011,46
08/04/2011,67
08/04/2011,73
08/05/2011,29
08/05/2011,47
08/05/2011,25
08/05/2011,68
08/06/2011,49
08/06/2011,68
08/07/2011,25
08/07/2011,50
08/08/2011,67
08/08/2011,46
08/08/2011,73
08/08/2011,52
08/08/2011,42
08/09/2011,50
08/09/2011,52
08/09/2011,61
08/09/2011,68
08/09/2011,61
08/09/2011,49
08/09/2011,25
08/09/2011,26
08/10/2011,52
08/10/2011,49
08/10/2011,49
08/10/2011,69
08/10/2011,22
08/10/2011,48
08/10/2011,23
08/10/2011,69
08/11/2011,69
08/11/2011,10
08/11/2011,30
08/11/2011,52
08/11/2011,46
08/12/2011,66
08/12/2011,46
08/13/2011,42
08/14/2011,19
08/15/2011,23
08/15/2011,44
08/15/2011,66
08/15/2011,10
08/15/2011,23
08/15/2011,71
08/15/2011,71
08/15/2011,26
08/15/2011,67
08/16/2011,67
08/16/2011,26
08/17/2011,75
08/17/2011,66
08/17/2011,49
08/17/2011,53
08/17/2011,53
08/18/2011,30
08/18/2011,71
08/18/2011,51
08/18/2011,67
08/19/2011,49
08/19/2011,68
08/19/2011,67
08/19/2011,68
08/19/2011,49
08/19/2011,71
08/19/2011,51
08/19/2011,29
08/20/2011,46
08/22/2011,43
08/22/2011,61
08/22/2011,25
08/22/2011,66
08/22/2011,71
08/22/2011,71
08/22/2011,67
08/22/2011,70
08/22/2011,73
08/22/2011,68
08/22/2011,29
08/22/2011,25
08/23/2011,29
08/23/2011,22
08/23/2011,49
08/23/2011,49
08/23/2011,49
08/23/2011,63
08/23/2011,16
08/24/2011,63
08/24/2011,8
08/24/2011,61
08/24/2011,65
08/24/2011,66
08/24/2011,67
08/24/2011,43
08/24/2011,74
08/24/2011,7
08/24/2011,25
08/24/2011,69
08/24/2011,51
08/25/2011,71
08/25/2011,69
08/25/2011,46
08/25/2011,68
08/25/2011,16
08/25/2011,66
08/25/2011,19
08/25/2011,43
08/26/2011,12
08/26/2011,25
08/26/2011,71
08/26/2011,25
08/26/2011,69
08/26/2011,48
08/26/2011,13
08/27/2011,61
08/27/2011,22
08/27/2011,44
08/27/2011,46
08/27/2011,30
08/27/2011,61
08/27/2011,43
08/28/2011,27
08/28/2011,37
08/28/2011,49
08/29/2011,72
08/29/2011,46
08/30/2011,61
08/30/2011,44
08/30/2011,25
08/30/2011,52
08/30/2011,53
08/30/2011,42
09/13/2011,23
08/30/2011,66
08/30/2011,66
08/30/2011,66
08/30/2011,18
08/30/2011,26
08/31/2011,68
08/31/2011,2
08/31/2011,10
08/31/2011,67
09/01/2011,74
09/01/2011,51
09/01/2011,21
09/01/2011,15
09/02/2011,42
09/02/2011,67
09/02/2011,48
09/02/2011,50
09/02/2011,26
09/02/2011,67
09/03/2011,69
09/04/2011,23
09/04/2011,7
09/05/2011,67
09/06/2011,25
09/06/2011,44
09/06/2011,53
09/06/2011,21
09/06/2011,68
09/06/2011,42
09/06/2011,68
09/06/2011,23
09/06/2011,71
09/07/2011,30
09/07/2011,49
09/07/2011,58
09/07/2011,71
09/07/2011,61
09/07/2011,49
09/08/2011,19
09/08/2011,49
09/08/2011,68
09/08/2011,25
09/08/2011,43
09/08/2011,67
09/08/2011,53
09/08/2011,54
09/08/2011,37
09/09/2011,56
09/09/2011,67
09/09/2011,58
09/09/2011,69
09/09/2011,69
09/09/2011,27
09/09/2011,61
09/09/2011,53
09/10/2011,68
09/10/2011,49
09/10/2011,66
09/10/2011,67
09/10/2011,5
09/10/2011,53
09/10/2011,53
09/10/2011,53
09/10/2011,53
09/10/2011,53
09/11/2011,23
09/11/2011,39
09/11/2011,23
09/12/2011,45
09/12/2011,42
09/12/2011,67
09/12/2011,49
09/13/2011,67
09/13/2011,43
09/13/2011,22
09/13/2011,37
09/13/2011,26
09/13/2011,21
09/14/2011,25
09/14/2011,71
09/14/2011,68
09/14/2011,25
09/15/2011,52
09/15/2011,63
09/15/2011,71
09/16/2011,67
09/16/2011,26
09/16/2011,48
09/16/2011,68
09/17/2011,48
09/17/2011,68
09/17/2011,27
09/18/2011,23
09/18/2011,63
09/19/2011,25
09/19/2011,25
09/19/2011,68
09/19/2011,15
09/19/2011,22
09/19/2011,58
09/20/2011,69
09/20/2011,68
09/20/2011,23
09/20/2011,69
09/21/2011,49
09/21/2011,61
09/21/2011,25
09/21/2011,67
09/21/2011,42
09/22/2011,14
09/22/2011,22
09/22/2011,22
09/22/2011,43
09/22/2011,43
09/22/2011,43
09/22/2011,49
09/22/2011,61
09/22/2011,24
09/22/2011,68
09/23/2011,23
09/23/2011,53
09/23/2011,53
09/25/2011,17
09/26/2011,43
09/26/2011,74
09/26/2011,53
09/26/2011,52
09/26/2011,49
09/26/2011,49
09/27/2011,29
09/27/2011,62
09/27/2011,68
09/27/2011,27
09/27/2011,53
09/27/2011,26
09/27/2011,26
09/27/2011,26
09/27/2011,26
09/27/2011,26
09/28/2011,53
09/28/2011,52
09/29/2011,52
09/29/2011,66
09/29/2011,27
09/29/2011,27
09/29/2011,27
09/29/2011,25
09/29/2011,26
09/29/2011,49
09/30/2011,66
09/30/2011,69
09/30/2011,49
09/30/2011,37
09/30/2011,69
09/30/2011,52
09/30/2011,43
09/30/2011,43
10/01/2011,23
10/01/2011,46
10/01/2011,43
10/03/2011,43
10/03/2011,45
10/03/2011,27
10/03/2011,27
10/03/2011,27
10/03/2011,52
10/03/2011,8
10/03/2011,29
10/03/2011,29
10/03/2011,29
10/03/2011,21
10/04/2011,6
10/04/2011,53
10/04/2011,27
10/04/2011,29
10/04/2011,26
10/04/2011,49
10/04/2011,53
10/04/2011,71
10/05/2011,23
10/05/2011,67
10/05/2011,67
10/05/2011,29
10/05/2011,23
10/06/2011,52
10/06/2011,23
10/06/2011,61
10/06/2011,66
10/06/2011,44
10/06/2011,27
10/06/2011,27
10/06/2011,27
10/06/2011,27
10/06/2011,27
10/07/2011,25
10/07/2011,25
10/07/2011,25
10/07/2011,25
10/07/2011,68
10/07/2011,44
10/08/2011,69
10/09/2011,51
10/09/2011,14
10/09/2011,67
10/09/2011,19
10/10/2011,27
10/10/2011,23
10/11/2011,49
10/11/2011,43
10/11/2011,23
10/11/2011,49
10/11/2011,29
10/11/2011,61
10/12/2011,49
10/12/2011,66
10/12/2011,25
10/12/2011,44
10/12/2011,25
10/12/2011,25
10/12/2011,42
10/12/2011,10
10/12/2011,43
10/12/2011,71
10/12/2011,49
10/12/2011,43
10/13/2011,25
10/14/2011,11
10/14/2011,26
10/14/2011,26
10/15/2011,68
10/17/2011,52
10/18/2011,68
10/18/2011,67
10/18/2011,10
10/18/2011,61
10/19/2011,35
10/19/2011,49
10/19/2011,44
10/19/2011,24
10/19/2011,29
10/19/2011,43
10/19/2011,25
10/19/2011,52
10/19/2011,37
10/19/2011,70
10/19/2011,14
10/19/2011,61
10/20/2011,67
10/20/2011,67
10/20/2011,43
10/20/2011,49
10/21/2011,22
10/21/2011,18
10/21/2011,23
10/21/2011,71
10/21/2011,53
10/21/2011,49
10/21/2011,25
10/21/2011,49
10/21/2011,25
10/21/2011,27
10/22/2011,38
10/23/2011,29
10/24/2011,52
10/24/2011,53
10/24/2011,25
10/24/2011,25
10/24/2011,25
10/24/2011,49
10/24/2011,25
10/24/2011,25
10/24/2011,66
10/24/2011,44
10/25/2011,25
10/25/2011,53
10/25/2011,27
10/25/2011,27
10/25/2011,27
10/25/2011,69
10/25/2011,25
10/25/2011,23
10/26/2011,68
10/26/2011,44
10/26/2011,49
10/26/2011,68
10/26/2011,26
10/26/2011,29
10/27/2011,25
10/27/2011,29
10/27/2011,25
10/27/2011,29
10/27/2011,29
10/27/2011,29
10/27/2011,69
10/28/2011,26
10/29/2011,53
10/29/2011,48
10/29/2011,49
10/30/2011,28
10/30/2011,68
10/30/2011,27
10/31/2011,69
10/31/2011,17
10/31/2011,53
10/31/2011,25
10/31/2011,14
10/31/2011,70
10/31/2011,73
10/31/2011,6
10/31/2011,64
10/31/2011,19
11/01/2011,43
11/01/2011,42
11/01/2011,71
11/02/2011,50
11/02/2011,50
11/02/2011,12
11/02/2011,28
11/03/2011,24
11/03/2011,67
11/03/2011,67
11/03/2011,25
11/03/2011,23
11/03/2011,19
11/03/2011,22
11/03/2011,29
11/03/2011,29
11/03/2011,29
11/03/2011,29
11/03/2011,27
11/04/2011,23
11/04/2011,25
11/04/2011,30
11/04/2011,44
11/04/2011,25
11/04/2011,52
11/04/2011,44
11/05/2011,49
11/06/2011,16
11/07/2011,16
11/07/2011,49
11/07/2011,29
11/07/2011,2
11/07/2011,43
11/07/2011,49
11/07/2011,67
11/08/2011,73
11/08/2011,25
11/08/2011,61
11/08/2011,69
11/08/2011,71
11/08/2011,71
11/08/2011,71
11/08/2011,26
11/08/2011,27
11/09/2011,26
11/09/2011,26
11/09/2011,26
11/09/2011,26
11/09/2011,66
11/09/2011,70
11/10/2011,49
11/10/2011,49
11/10/2011,53
11/10/2011,53
11/10/2011,27
11/11/2011,44
11/13/2011,53
11/14/2011,69
11/14/2011,67
11/14/2011,26
11/14/2011,49
11/14/2011,23
11/14/2011,23
11/15/2011,67
11/15/2011,38
11/15/2011,19
11/15/2011,56
11/15/2011,67
11/15/2011,44
11/15/2011,25
11/15/2011,26
11/15/2011,26
11/15/2011,26
11/15/2011,26
11/16/2011,27
11/16/2011,27
11/16/2011,27
11/16/2011,25
11/17/2011,42
11/17/2011,48
11/17/2011,53
11/17/2011,51
11/18/2011,27
11/18/2011,26
11/18/2011,26
11/18/2011,26
11/18/2011,26
11/18/2011,26
11/18/2011,28
11/18/2011,29
11/18/2011,29
11/18/2011,53
11/18/2011,26
11/18/2011,49
11/19/2011,47
11/19/2011,22
11/19/2011,9
11/20/2011,72
11/20/2011,60
11/21/2011,49
11/21/2011,25
11/21/2011,25
11/21/2011,12
11/22/2011,67
11/22/2011,39
11/22/2011,69
11/22/2011,66
11/22/2011,42
11/23/2011,46
11/23/2011,25
11/23/2011,27
11/23/2011,27
11/24/2011,38
11/25/2011,66
11/26/2011,44
11/27/2011,69
11/28/2011,16
11/28/2011,75
11/29/2011,43
11/29/2011,53
11/29/2011,15
11/29/2011,67
11/29/2011,66
11/29/2011,67
11/30/2011,73
11/30/2011,16
11/30/2011,38
11/30/2011,47
12/01/2011,70
12/02/2011,30
12/02/2011,44
12/02/2011,53
12/02/2011,43
12/02/2011,53
12/03/2011,66
12/03/2011,75
12/03/2011,16
12/04/2011,47
12/04/2011,46
12/05/2011,49
12/05/2011,16
12/05/2011,49
12/05/2011,43
12/06/2011,23
12/06/2011,53
12/06/2011,43
12/06/2011,77
12/06/2011,49
12/06/2011,69
12/07/2011,36
12/07/2011,46
12/07/2011,61
12/07/2011,52
12/07/2011,65
12/07/2011,46
12/07/2011,25
12/08/2011,70
12/09/2011,68
12/09/2011,67
12/09/2011,67
12/10/2011,49
12/10/2011,44
12/10/2011,68
12/11/2011,43
12/12/2011,7
12/12/2011,68
12/12/2011,46
12/12/2011,43
12/13/2011,66
12/13/2011,66
12/13/2011,4
12/13/2011,67
12/14/2011,67
12/14/2011,44
12/15/2011,23
12/15/2011,67
12/15/2011,61
12/15/2011,61
12/15/2011,53
12/15/2011,61
12/15/2011,56
12/15/2011,68
12/16/2011,53
12/16/2011,52
12/16/2011,39
12/16/2011,38
12/16/2011,68
12/16/2011,68
12/16/2011,68
12/16/2011,68
12/16/2011,68
12/16/2011,68
12/16/2011,68
12/16/2011,68
12/16/2011,68
12/17/2011,38
12/18/2011,25
12/18/2011,40
12/19/2011,26
12/19/2011,51
12/19/2011,43
12/19/2011,61
12/19/2011,61
12/19/2011,67
12/19/2011,71
12/19/2011,47
12/19/2011,25
12/19/2011,67
12/20/2011,29
12/20/2011,67
12/20/2011,73
12/20/2011,46
12/20/2011,26
12/20/2011,43
12/20/2011,39
12/20/2011,20
12/20/2011,68
12/20/2011,68
12/20/2011,61
12/20/2011,68
12/21/2011,67
12/21/2011,68
12/21/2011,61
12/21/2011,25
12/22/2011,30
12/22/2011,67
12/22/2011,67
12/22/2011,26
12/23/2011,36
12/23/2011,17
12/23/2011,49
12/23/2011,69
12/24/2011,43
12/24/2011,69
12/25/2011,25
12/26/2011,4
12/26/2011,67
12/26/2011,46
12/27/2011,1
12/27/2011,26
12/27/2011,51
12/27/2011,68
12/27/2011,68
12/27/2011,66
12/27/2011,43
12/27/2011,16
12/27/2011,61
12/27/2011,25
12/27/2011,44
12/27/2011,68
12/27/2011,68
12/27/2011,29
12/27/2011,28
12/27/2011,67
12/27/2011,68
12/27/2011,68
12/28/2011,43
12/28/2011,44
12/28/2011,61
12/28/2011,49
12/28/2011,68
12/28/2011,68
12/28/2011,67
12/28/2011,61
12/28/2011,61
12/28/2011,67
12/28/2011,30
12/29/2011,26
12/29/2011,38
12/31/2011,43
12/31/2011,67
01/01/2012,18
01/02/2012,27
01/03/2012,63
01/03/2012,24
01/03/2012,26
01/03/2012,39
01/03/2012,19
01/03/2012,26
01/03/2012,26
01/03/2012,26
01/03/2012,23
01/04/2012,70
01/04/2012,37
01/04/2012,25
01/04/2012,29
01/04/2012,29
01/04/2012,29
01/04/2012,29
01/04/2012,26
01/04/2012,42
01/05/2012,26
01/05/2012,25
01/05/2012,41
01/05/2012,68
01/05/2012,61
01/06/2012,71
01/06/2012,38
01/06/2012,68
01/06/2012,61
01/08/2012,23
01/09/2012,27
01/09/2012,71
01/09/2012,67
01/09/2012,25
01/09/2012,66
01/10/2012,71
01/10/2012,66
01/10/2012,25
01/10/2012,45
01/10/2012,23
01/10/2012,23
01/10/2012,26
01/10/2012,61
01/10/2012,67
01/11/2012,70
01/11/2012,29
01/11/2012,2
01/11/2012,27
01/11/2012,27
01/11/2012,57
01/12/2012,25
01/12/2012,49
01/12/2012,27
01/12/2012,26
01/12/2012,67
01/13/2012,68
01/13/2012,68
01/13/2012,43
01/13/2012,68
01/13/2012,19
01/13/2012,8
01/14/2012,67
01/14/2012,64
01/17/2012,25
01/17/2012,44
01/17/2012,70
01/17/2012,27
01/17/2012,23
01/18/2012,67
01/18/2012,52
01/18/2012,22
01/18/2012,68
01/18/2012,61
01/19/2012,27
01/19/2012,66
01/19/2012,25
01/19/2012,25
01/19/2012,26
01/19/2012,42
01/20/2012,29
01/23/2012,67
01/23/2012,61
01/24/2012,53
01/24/2012,69
01/24/2012,27
01/25/2012,46
01/25/2012,27
01/25/2012,29
01/25/2012,16
01/26/2012,67
01/26/2012,28
01/26/2012,25
01/26/2012,25
01/26/2012,25
01/26/2012,25
01/27/2012,25
01/28/2012,46
01/28/2012,23
01/30/2012,46
01/30/2012,44
01/30/2012,21
01/30/2012,61
01/30/2012,61
01/30/2012,61
01/30/2012,71
01/30/2012,67
01/31/2012,25
01/31/2012,67
01/31/2012,68
01/31/2012,18
01/31/2012,67
02/01/2012,15
02/01/2012,73
02/01/2012,56
02/01/2012,49
02/02/2012,42
02/02/2012,43
02/02/2012,48
02/02/2012,49
02/02/2012,66
02/02/2012,27
02/02/2012,27
02/03/2012,68
02/03/2012,25
02/03/2012,67
02/03/2012,50
02/03/2012,27
02/03/2012,23
02/03/2012,75
02/03/2012,25
02/03/2012,25
02/03/2012,25
02/03/2012,27
02/04/2012,75
02/04/2012,42
02/06/2012,49
02/06/2012,23
02/06/2012,68
02/06/2012,43
02/06/2012,26
02/06/2012,25
02/07/2012,5
02/07/2012,40
02/07/2012,68
02/07/2012,70
02/08/2012,23
02/08/2012,50
02/08/2012,53
02/09/2012,14
02/09/2012,68
02/09/2012,67
02/09/2012,53
02/09/2012,66
02/09/2012,69
02/09/2012,49
02/09/2012,46
02/10/2012,14
02/10/2012,67
02/10/2012,29
02/10/2012,26
02/10/2012,69
02/10/2012,46
02/10/2012,46
02/10/2012,27
02/10/2012,68
02/10/2012,26
02/10/2012,26
02/10/2012,26
02/10/2012,25
02/11/2012,25
02/13/2012,67
02/13/2012,61
02/13/2012,68
02/14/2012,44
02/14/2012,67
02/14/2012,14
02/14/2012,68
02/15/2012,6
02/15/2012,11
02/15/2012,23
02/15/2012,26
02/16/2012,67
02/16/2012,42
02/17/2012,71
02/17/2012,46
02/17/2012,53
02/17/2012,29
02/18/2012,49
02/18/2012,71
02/19/2012,68
02/20/2012,68
02/20/2012,69
02/21/2012,67
02/21/2012,67
02/21/2012,52
02/21/2012,67
02/21/2012,15
02/22/2012,29
02/22/2012,22
02/22/2012,68
02/22/2012,51
02/22/2012,14
02/22/2012,17
02/22/2012,25
02/23/2012,68
02/23/2012,43
02/23/2012,43
02/23/2012,23
02/23/2012,49
02/23/2012,49
02/23/2012,49
02/23/2012,49
02/23/2012,50
02/23/2012,50
02/23/2012,50
02/23/2012,50
02/23/2012,50
02/23/2012,49
02/23/2012,49
02/23/2012,49
02/23/2012,49
02/23/2012,49
02/23/2012,49
02/23/2012,49
02/23/2012,49
02/23/2012,49
02/23/2012,49
02/23/2012,49
02/23/2012,68
02/23/2012,49
02/23/2012,49
02/23/2012,49
02/23/2012,49
02/23/2012,53
02/23/2012,53
02/23/2012,53
02/23/2012,53
02/23/2012,11
02/23/2012,67
02/23/2012,55
02/24/2012,67
02/24/2012,63
02/26/2012,49
02/26/2012,49
02/26/2012,49
02/26/2012,49
02/26/2012,49
02/26/2012,49
02/27/2012,71
02/27/2012,49
02/27/2012,66
02/27/2012,26
02/27/2012,26
02/27/2012,10
02/28/2012,30
02/28/2012,69
02/28/2012,26
02/28/2012,66
02/29/2012,23
02/29/2012,77
02/29/2012,44
02/29/2012,25
02/29/2012,29
02/29/2012,30
02/29/2012,49
02/29/2012,67
02/29/2012,67
02/29/2012,71
02/29/2012,45
03/01/2012,52
03/01/2012,66
03/01/2012,25
03/01/2012,41
03/01/2012,41
03/01/2012,67
03/02/2012,49
03/02/2012,25
03/02/2012,71
03/02/2012,67
03/04/2012,40
03/04/2012,71
03/04/2012,23
03/05/2012,68
03/05/2012,53
03/05/2012,19
03/06/2012,25
03/06/2012,30
03/06/2012,30
03/06/2012,43
03/06/2012,23
03/06/2012,66
03/06/2012,25
03/06/2012,27
03/06/2012,23
03/07/2012,27
03/07/2012,27
03/07/2012,27
03/07/2012,39
03/07/2012,22
03/07/2012,61
03/07/2012,62
03/07/2012,15
03/07/2012,10
03/07/2012,27
03/07/2012,71
03/07/2012,23
03/08/2012,61
03/08/2012,68
03/08/2012,68
03/08/2012,68
03/08/2012,44
03/08/2012,7
03/08/2012,68
03/08/2012,68
03/08/2012,50
03/08/2012,7
03/08/2012,68
03/08/2012,42
03/08/2012,66
03/08/2012,66
03/09/2012,22
03/09/2012,53
03/10/2012,22
03/10/2012,67
03/11/2012,42
03/11/2012,25
03/11/2012,52
03/12/2012,22
03/12/2012,23
03/12/2012,18
03/12/2012,30
03/12/2012,29
03/12/2012,25
03/12/2012,25
03/13/2012,27
03/13/2012,6
03/14/2012,66
03/14/2012,27
03/14/2012,67
03/15/2012,16
03/15/2012,23
03/15/2012,19
03/15/2012,14
03/15/2012,75
03/15/2012,6
03/15/2012,46
03/15/2012,68
03/15/2012,69
03/15/2012,19
03/15/2012,10
03/15/2012,27
03/16/2012,67
03/16/2012,17
03/16/2012,70
03/16/2012,61
03/16/2012,42
03/16/2012,49
03/17/2012,6
03/18/2012,43
03/19/2012,69
03/19/2012,19
03/19/2012,53
03/19/2012,53
03/19/2012,39
03/19/2012,29
03/19/2012,54
03/19/2012,53
03/19/2012,43
03/19/2012,42
03/19/2012,68
03/20/2012,67
03/20/2012,67
03/20/2012,74
03/20/2012,67
03/20/2012,29
03/21/2012,67
03/21/2012,21
03/21/2012,43
03/21/2012,67
03/21/2012,69
03/21/2012,45
03/21/2012,67
03/21/2012,25
03/22/2012,67
03/22/2012,67
03/22/2012,67
03/22/2012,44
03/22/2012,71
03/22/2012,71
03/22/2012,49
03/22/2012,44
03/22/2012,67
03/23/2012,23
03/23/2012,23
03/23/2012,31
03/23/2012,22
03/23/2012,68
03/23/2012,53
03/24/2012,66
03/24/2012,69
03/24/2012,66
03/24/2012,67
03/24/2012,67
03/24/2012,68
03/24/2012,49
03/25/2012,69
03/25/2012,23
03/25/2012,25
03/26/2012,4
03/26/2012,27
03/26/2012,27
03/26/2012,23
03/26/2012,39
03/26/2012,6
03/26/2012,66
03/26/2012,67
03/26/2012,23
03/27/2012,16
03/27/2012,29
03/27/2012,8
03/27/2012,66
03/27/2012,49
03/27/2012,68
03/27/2012,49
03/27/2012,23
03/27/2012,66
03/27/2012,39
03/27/2012,47
03/28/2012,49
03/29/2012,73
03/29/2012,46
03/29/2012,46
03/29/2012,25
03/29/2012,26
03/29/2012,27
03/29/2012,63
03/29/2012,62
03/29/2012,63
03/30/2012,61
03/30/2012,17
03/31/2012,54
03/31/2012,54
04/02/2012,23
04/02/2012,68
04/02/2012,38
04/02/2012,61
04/02/2012,70
04/02/2012,49
04/02/2012,25
04/02/2012,6
04/02/2012,26
04/03/2012,44
04/03/2012,60
04/03/2012,49
04/03/2012,49
04/03/2012,49
04/03/2012,49
04/03/2012,27
04/03/2012,52
04/03/2012,30
04/04/2012,52
04/04/2012,25
04/04/2012,49
04/04/2012,68
04/04/2012,68
04/05/2012,27
04/05/2012,25
04/05/2012,26
04/05/2012,67
04/05/2012,68
04/07/2012,21
04/07/2012,49
04/08/2012,21
04/08/2012,23
04/09/2012,42
04/09/2012,25
04/09/2012,69
04/09/2012,69
04/10/2012,43
04/10/2012,49
04/10/2012,25
04/10/2012,18
04/10/2012,50
04/10/2012,29
04/10/2012,63
04/10/2012,63
04/11/2012,26
04/11/2012,29
04/11/2012,4
04/11/2012,25
04/11/2012,46
04/11/2012,25
04/12/2012,67
04/12/2012,53
04/12/2012,38
04/12/2012,71
04/12/2012,44
04/12/2012,46
04/13/2012,68
04/13/2012,52
04/13/2012,16
04/13/2012,38
04/13/2012,27
04/14/2012,67
04/14/2012,53
04/14/2012,49
04/14/2012,67
04/15/2012,35
04/16/2012,19
04/16/2012,29
04/16/2012,25
04/16/2012,39
04/17/2012,60
04/17/2012,66
04/17/2012,21
04/17/2012,46
04/17/2012,70
04/17/2012,30
04/17/2012,25
04/17/2012,26
04/17/2012,70
04/17/2012,25
04/18/2012,43
04/18/2012,29
04/18/2012,24
04/18/2012,53
04/18/2012,67
04/18/2012,30
04/18/2012,27
04/18/2012,49
04/18/2012,36
04/19/2012,14
04/19/2012,71
04/19/2012,27
04/19/2012,46
04/19/2012,69
04/19/2012,73
04/19/2012,68
04/19/2012,23
04/20/2012,52
04/20/2012,44
04/20/2012,52
04/20/2012,71
04/20/2012,67
04/20/2012,69
04/21/2012,27
04/22/2012,58
04/23/2012,23
04/23/2012,17
04/23/2012,24
04/23/2012,38
04/23/2012,69
04/23/2012,23
04/23/2012,25
04/23/2012,47
04/23/2012,29
04/24/2012,61
04/24/2012,53
04/24/2012,68
04/24/2012,61
04/24/2012,26
04/24/2012,25
04/24/2012,29
04/24/2012,29
04/24/2012,68
04/24/2012,29
04/24/2012,67
04/25/2012,61
04/25/2012,36
04/25/2012,68
04/25/2012,61
04/25/2012,19
04/26/2012,22
04/26/2012,69
04/26/2012,29
04/26/2012,61
04/26/2012,46
04/27/2012,25
04/27/2012,42
04/27/2012,22
04/27/2012,67
04/27/2012,50
04/27/2012,50
04/27/2012,53
04/27/2012,66
04/28/2012,53
04/28/2012,49
04/28/2012,25
04/28/2012,25
04/29/2012,69
04/29/2012,46
04/29/2012,72
04/30/2012,23
04/30/2012,68
04/30/2012,14
04/30/2012,61
04/30/2012,61
04/30/2012,68
04/30/2012,68
04/30/2012,26
05/01/2012,66
05/01/2012,26
05/01/2012,25
05/01/2012,26
05/02/2012,49
05/02/2012,42
05/02/2012,58
05/02/2012,67
05/03/2012,69
05/03/2012,42
05/03/2012,71
05/03/2012,26
05/03/2012,66
05/03/2012,67
05/03/2012,73
05/04/2012,15
05/05/2012,19
05/05/2012,46
05/05/2012,23
05/06/2012,56
05/07/2012,68
05/07/2012,23
05/07/2012,46
05/07/2012,27
05/07/2012,31
05/07/2012,66
05/07/2012,25
05/07/2012,43
05/08/2012,53
05/08/2012,26
05/08/2012,25
05/08/2012,25
05/08/2012,66
05/08/2012,67
05/09/2012,23
05/09/2012,25
05/10/2012,71
05/10/2012,26
05/10/2012,56
05/10/2012,25
05/10/2012,66
05/10/2012,66
05/10/2012,66
05/10/2012,14
05/10/2012,27
05/10/2012,27
05/11/2012,24
05/11/2012,27
05/11/2012,25
05/14/2012,25
05/14/2012,19
05/14/2012,63
05/14/2012,25
05/14/2012,74
05/14/2012,42
05/15/2012,71
05/15/2012,47
05/15/2012,26
05/16/2012,68
05/16/2012,66
05/16/2012,27
05/16/2012,61
05/16/2012,52
05/16/2012,27
05/16/2012,26
05/16/2012,26
05/16/2012,25
05/16/2012,25
05/17/2012,73
05/17/2012,67
05/17/2012,58
05/17/2012,68
05/17/2012,68
05/17/2012,23
05/18/2012,67
05/18/2012,67
05/18/2012,67
05/18/2012,60
05/18/2012,27
05/18/2012,17
05/19/2012,13
05/21/2012,68
05/21/2012,42
05/21/2012,26
05/21/2012,27
05/22/2012,24
05/22/2012,77
05/22/2012,68
05/22/2012,46
05/22/2012,69
05/22/2012,42
05/22/2012,71
05/22/2012,46
05/23/2012,42
05/23/2012,71
05/24/2012,69
05/24/2012,67
05/24/2012,25
05/24/2012,77
05/24/2012,25
05/25/2012,68
05/25/2012,61
05/25/2012,61
05/25/2012,75
05/25/2012,46
05/25/2012,68
05/25/2012,67
05/27/2012,26
05/27/2012,67
05/29/2012,25
05/29/2012,67
05/29/2012,44
05/29/2012,67
05/30/2012,25
05/30/2012,66
05/30/2012,43
05/30/2012,43
05/30/2012,46
05/31/2012,49
05/31/2012,25
05/31/2012,24
05/31/2012,25
05/31/2012,25
06/01/2012,52
06/01/2012,53
06/01/2012,53
06/01/2012,68
06/01/2012,68
06/01/2012,61
06/01/2012,26
06/02/2012,53
06/03/2012,67
06/04/2012,53
06/04/2012,73
06/04/2012,25
06/04/2012,61
06/04/2012,67
06/04/2012,74
06/04/2012,9
06/04/2012,42
06/04/2012,42
06/04/2012,71
06/04/2012,24
06/05/2012,71
06/05/2012,15
06/05/2012,42
06/06/2012,23
06/06/2012,23
06/06/2012,49
06/06/2012,53
06/06/2012,25
06/06/2012,25
06/06/2012,25
06/06/2012,23
06/06/2012,69
06/07/2012,61
06/07/2012,49
06/07/2012,52
06/07/2012,69
06/07/2012,42
06/07/2012,47
06/07/2012,61
06/07/2012,15
06/08/2012,15
06/08/2012,39
06/08/2012,68
06/08/2012,25
06/08/2012,25
06/08/2012,3
06/09/2012,75
06/10/2012,68
06/11/2012,31
06/11/2012,29
06/11/2012,26
06/11/2012,46
06/11/2012,71
06/11/2012,23
06/11/2012,38
06/12/2012,46
06/12/2012,69
06/12/2012,67
06/12/2012,73
06/12/2012,52
06/13/2012,67
06/13/2012,44
06/13/2012,27
06/13/2012,25
06/14/2012,23
06/14/2012,71
06/14/2012,38
06/15/2012,71
06/15/2012,52
06/15/2012,42
06/15/2012,23
06/15/2012,43
06/15/2012,68
06/17/2012,29
06/17/2012,49
06/17/2012,23
06/17/2012,65
06/17/2012,23
06/17/2012,63
06/18/2012,46
06/18/2012,71
06/18/2012,40
06/18/2012,5
06/18/2012,29
06/19/2012,29
06/19/2012,45
06/19/2012,48
06/19/2012,23
06/19/2012,67
06/19/2012,38
06/19/2012,40
06/19/2012,40
06/20/2012,49
06/20/2012,15
06/20/2012,15
06/20/2012,67
06/20/2012,14
06/20/2012,43
06/21/2012,23
06/21/2012,52
06/21/2012,75
06/21/2012,68
06/21/2012,25
06/21/2012,25
06/21/2012,25
06/21/2012,52
06/22/2012,27
06/22/2012,27
06/22/2012,52
06/22/2012,73
06/22/2012,29
06/23/2012,26
06/24/2012,68
06/25/2012,29
06/25/2012,53
06/26/2012,53
06/26/2012,49
06/26/2012,49
06/26/2012,26
06/27/2012,68
06/27/2012,7
06/27/2012,61
06/27/2012,26
06/27/2012,46
06/27/2012,29
06/28/2012,68
06/28/2012,22
06/28/2012,22
06/28/2012,68
06/28/2012,68
06/28/2012,26
06/28/2012,26
06/28/2012,66
06/28/2012,26
06/28/2012,25
06/28/2012,26
06/29/2012,26
06/29/2012,26
06/29/2012,42
06/29/2012,26
06/30/2012,30
07/01/2012,67
07/01/2012,26
07/02/2012,30
07/02/2012,13
07/02/2012,25
07/03/2012,68
07/03/2012,67
07/03/2012,68
07/03/2012,63
07/05/2012,66
07/05/2012,53
07/05/2012,46
07/05/2012,16
07/05/2012,49
07/05/2012,68
07/06/2012,68
07/06/2012,38
07/08/2012,52
07/09/2012,61
07/09/2012,67
07/09/2012,68
07/09/2012,67
07/09/2012,25
07/09/2012,23
07/09/2012,71
07/09/2012,25
07/09/2012,24
07/09/2012,31
07/09/2012,27
07/09/2012,61
07/10/2012,25
07/10/2012,23
07/10/2012,67
07/10/2012,43
07/10/2012,53
07/10/2012,51
07/10/2012,26
07/10/2012,69
07/11/2012,66
07/11/2012,27
07/11/2012,74
07/11/2012,25
07/11/2012,60
07/11/2012,26
07/11/2012,25
07/11/2012,69
07/11/2012,69
07/11/2012,43
07/12/2012,23
07/12/2012,23
07/12/2012,67
07/12/2012,25
07/12/2012,21
07/13/2012,23
07/13/2012,69
07/13/2012,71
07/13/2012,25
07/13/2012,61
07/13/2012,49
07/13/2012,52
07/13/2012,5
07/14/2012,42
07/15/2012,26
07/15/2012,51
07/15/2012,61
07/15/2012,23
07/15/2012,68
07/15/2012,8
07/16/2012,67
07/16/2012,29
07/16/2012,48
07/16/2012,3
07/16/2012,42
07/16/2012,67
07/16/2012,67
07/16/2012,44
07/16/2012,17
07/17/2012,24
07/17/2012,13
07/17/2012,43
07/17/2012,49
07/17/2012,29
07/17/2012,53
07/17/2012,53
07/17/2012,44
07/18/2012,46
07/18/2012,26
07/19/2012,67
07/19/2012,66
07/19/2012,66
07/19/2012,53
07/19/2012,48
07/20/2012,63
07/20/2012,66
07/20/2012,53
07/20/2012,53
07/20/2012,2
07/20/2012,43
07/22/2012,29
07/23/2012,49
07/23/2012,23
07/23/2012,23
07/23/2012,23
07/23/2012,23
07/23/2012,69
07/23/2012,25
07/24/2012,24
07/24/2012,67
07/24/2012,71
07/24/2012,29
07/24/2012,45
07/25/2012,42
07/25/2012,45
07/26/2012,52
07/26/2012,29
07/26/2012,42
07/26/2012,53
07/26/2012,29
07/26/2012,37
07/26/2012,67
07/26/2012,23
07/26/2012,22
07/26/2012,66
07/26/2012,66
07/26/2012,26
07/27/2012,38
07/28/2012,25
07/28/2012,38
07/29/2012,67
07/29/2012,49
07/30/2012,40
07/30/2012,61
07/30/2012,43
07/30/2012,67
07/30/2012,75
07/30/2012,28
07/30/2012,66
07/30/2012,25
07/31/2012,38
08/01/2012,25
08/01/2012,61
08/01/2012,71
08/01/2012,8
08/01/2012,25
08/02/2012,68
08/02/2012,51
08/02/2012,41
08/02/2012,42
08/03/2012,61
08/03/2012,25
08/03/2012,68
08/03/2012,29
08/03/2012,26
08/03/2012,53
08/04/2012,75
08/04/2012,49
08/05/2012,53
08/05/2012,29
08/05/2012,77
08/05/2012,71
08/06/2012,49
08/06/2012,49
08/06/2012,26
08/06/2012,48
08/06/2012,9
08/06/2012
08/06/2012,20
08/06/2012,25
08/07/2012,68
08/07/2012,68
08/07/2012,68
08/07/2012,68
08/07/2012,38
08/07/2012,29
08/08/2012,42
08/09/2012,38
08/09/2012,58
08/09/2012,49
08/09/2012,23
08/09/2012,23
08/09/2012,68
08/10/2012,38
08/11/2012,38
08/11/2012,23
08/11/2012,67
08/12/2012,46
08/12/2012,63
08/12/2012,46
08/13/2012,26
08/13/2012,47
08/13/2012,11
08/13/2012,71
08/13/2012,75
08/13/2012,68
08/13/2012,66
08/13/2012,25
08/13/2012,26
08/13/2012,26
08/14/2012,25
08/14/2012,25
08/14/2012,22
08/14/2012,6
08/14/2012,67
08/15/2012,26
08/15/2012,18
08/16/2012,68
08/16/2012,68
08/16/2012,42
08/16/2012,40
08/17/2012,42
08/19/2012,29
08/20/2012,42
08/20/2012,61
08/20/2012,49
08/20/2012,42
08/20/2012,67
08/20/2012,63
08/21/2012,31
08/21/2012,8
08/21/2012,29
08/21/2012,29
08/21/2012,29
08/21/2012,57
08/21/2012,58
08/22/2012,55
08/22/2012,42
08/22/2012,43
08/22/2012,23
08/22/2012,59
08/22/2012,26
08/22/2012,25
08/22/2012,25
08/22/2012,25
08/22/2012,23
08/23/2012,49
08/23/2012,67
08/23/2012,68
08/23/2012,66
08/24/2012,23
08/24/2012,31
08/24/2012,67
08/24/2012,43
08/24/2012,25
08/24/2012,66
08/25/2012,25
08/25/2012,37
08/27/2012,52
08/27/2012,23
08/27/2012,29
08/27/2012,52
08/27/2012,61
08/27/2012,68
08/28/2012,74
08/28/2012,42
08/28/2012,67
08/28/2012,68
08/28/2012,26
08/28/2012,21
08/28/2012,67
08/29/2012,29
08/29/2012,67
08/29/2012,18
08/29/2012,31
08/29/2012,53
08/29/2012,25
08/29/2012,26
08/29/2012,67
08/30/2012,4
08/30/2012,4
08/30/2012,67
08/30/2012,67
08/30/2012,24
08/30/2012,16
08/30/2012,61
08/30/2012,69
08/31/2012,67
08/31/2012,67
08/31/2012,38
09/01/2012,27
09/01/2012,23
09/02/2012,56
09/04/2012,27
09/04/2012,52
09/04/2012,11
09/04/2012,38
09/04/2012,67
09/05/2012,35
09/05/2012,58
09/05/2012,75
09/05/2012,67
09/05/2012,67
09/05/2012,10
09/06/2012,27
09/06/2012,25
09/06/2012,25
09/06/2012,42
09/06/2012,29
09/07/2012,42
09/07/2012,39
09/07/2012,39
09/07/2012,44
09/07/2012,29
09/07/2012,25
09/07/2012,43
09/07/2012,25
09/07/2012,52
09/08/2012,51
09/08/2012,49
09/08/2012,29
09/10/2012,75
09/10/2012,23
09/10/2012,25
09/11/2012,67
09/11/2012,23
09/11/2012,26
09/11/2012,61
09/12/2012,73
09/12/2012,48
09/12/2012,11
09/12/2012,23
09/12/2012,23
09/12/2012,25
09/12/2012,23
09/14/2012,66
09/14/2012,28
09/14/2012,58
09/15/2012,23
09/16/2012,30
09/17/2012,27
09/17/2012,35
09/17/2012,35
09/17/2012,49
09/17/2012,53
09/17/2012,22
09/18/2012,52
09/18/2012,67
09/18/2012,61
09/18/2012,68
09/18/2012,61
09/19/2012,37
09/19/2012,29
09/19/2012,25
09/19/2012,25
09/19/2012,23
09/20/2012,68
09/20/2012,46
09/20/2012,25
09/20/2012,25
09/20/2012,14
09/20/2012,14
09/21/2012,52
09/21/2012,63
09/22/2012,67
09/22/2012,67
09/23/2012,53
09/23/2012,23
09/23/2012,67
09/24/2012,58
09/24/2012,26
09/24/2012,61
09/25/2012,25
09/25/2012,38
09/25/2012,26
09/25/2012,26
09/26/2012,68
09/26/2012,68
09/26/2012,25
09/26/2012,46
09/27/2012,23
09/27/2012,46
09/27/2012,42
09/27/2012,38
09/28/2012,67
09/28/2012,67
09/28/2012,30
09/29/2012,26
09/29/2012,27
10/01/2012,9
10/01/2012,15
10/01/2012,30
10/01/2012,5
10/01/2012,26
10/01/2012,72
10/02/2012,26
10/02/2012,67
10/02/2012,68
10/02/2012,25
10/02/2012,15
10/02/2012,19
10/02/2012,19
10/02/2012,23
10/02/2012,25
10/02/2012,5
10/02/2012,15
10/02/2012,10
10/02/2012,10
10/03/2012,53
10/03/2012,68
10/03/2012,61
10/03/2012,66
10/04/2012,42
10/04/2012,44
10/04/2012,25
10/05/2012,26
10/05/2012,27
10/05/2012,25
10/05/2012,25
10/06/2012,26
10/08/2012,67
10/08/2012,63
10/08/2012,43
10/09/2012,16
10/09/2012,66
10/09/2012,49
10/09/2012,26
10/09/2012,67
10/09/2012,27
10/09/2012,26
10/09/2012,61
10/10/2012,25
10/10/2012,23
10/10/2012,29
10/10/2012,29
10/10/2012,25
10/10/2012,25
10/10/2012,25
10/10/2012,25
10/10/2012,26
10/10/2012,26
10/11/2012,52
10/11/2012,25
10/11/2012,35
10/11/2012,27
10/12/2012,25
10/12/2012,66
10/14/2012,31
10/15/2012,49
10/15/2012,68
10/15/2012,44
10/15/2012,25
10/16/2012,61
10/16/2012,25
10/17/2012,46
10/17/2012,68
10/17/2012,61
10/17/2012,25
10/17/2012,48
10/18/2012,60
10/18/2012,42
10/18/2012,71
10/19/2012,52
10/19/2012,15
10/22/2012,19
10/22/2012,25
10/22/2012,69
10/22/2012,61
10/22/2012,67
10/22/2012,67
10/22/2012,59
10/22/2012,42
10/22/2012,11
10/22/2012,23
10/22/2012,67
10/22/2012,29
10/23/2012,73
10/23/2012,26
10/23/2012,26
10/23/2012,61
10/24/2012,48
10/24/2012,25
10/24/2012,52
10/24/2012,58
10/24/2012,58
10/24/2012,61
10/25/2012,53
10/25/2012,42
10/25/2012,22
10/25/2012,49
10/25/2012,71
10/25/2012,75
10/25/2012,26
10/25/2012,26
10/25/2012,26
10/26/2012,23
10/26/2012,53
10/26/2012,63
10/28/2012,22
10/28/2012,49
10/29/2012,29
10/29/2012,58
10/29/2012,50
10/29/2012,50
10/29/2012,42
10/29/2012,25
10/29/2012,22
10/30/2012,49
10/30/2012,68
10/30/2012,67
10/31/2012,67
10/31/2012,29
10/31/2012,25
10/31/2012,67
10/31/2012,11
10/31/2012,26
11/01/2012,67
11/01/2012,68
11/01/2012,71
11/01/2012,36
11/02/2012,43
11/02/2012,63
11/02/2012,26
11/03/2012,61
11/04/2012,38
11/05/2012,23
11/07/2012,67
11/08/2012,25
11/08/2012,15
11/08/2012,26
11/08/2012,23
11/09/2012,16
11/09/2012,52
11/09/2012,23
11/09/2012,23
11/10/2012,69
11/11/2012,46
11/11/2012,25
11/11/2012,67
11/12/2012,23
11/12/2012,16
11/13/2012,16
11/13/2012,43
11/13/2012,43
11/13/2012,43
11/13/2012,43
11/13/2012,43
11/13/2012,43
11/13/2012,43
11/13/2012,43
11/13/2012,43
11/13/2012,43
11/13/2012,43
11/13/2012,66
11/13/2012,25
11/13/2012,43
11/14/2012,67
11/14/2012,46
11/14/2012,23
11/14/2012,68
11/15/2012,68
11/15/2012,67
11/15/2012,53
11/16/2012,56
11/16/2012,24
11/16/2012,71
11/16/2012,23
11/16/2012,29
11/16/2012,52
11/16/2012,52
11/16/2012,69
11/17/2012,26
11/17/2012,25
11/18/2012,40
11/18/2012,29
11/18/2012,61
11/19/2012,26
11/19/2012,42
11/19/2012,21
11/20/2012,36
11/20/2012,52
11/20/2012,36
11/20/2012,23
11/20/2012,49
11/20/2012,47
11/21/2012,67
11/21/2012,39
11/22/2012,66
11/22/2012,27
11/22/2012,28
11/23/2012,46
11/23/2012,25
11/23/2012,67
11/23/2012,26
11/24/2012,49
11/24/2012,68
11/24/2012,44
11/26/2012,52
11/26/2012,25
11/27/2012,31
11/27/2012,27
11/27/2012,44
11/27/2012,25
11/28/2012,68
11/28/2012,30
11/28/2012,26
11/29/2012,42
11/29/2012,44
11/29/2012,67
11/29/2012,66
11/30/2012,52
11/30/2012,61
11/30/2012,25
12/01/2012,26
12/01/2012,38
12/02/2012,26
12/03/2012,27
12/03/2012,26
12/03/2012,35
12/03/2012,59
12/04/2012,26
12/04/2012,26
12/04/2012,61
12/05/2012,52
12/05/2012,7
12/05/2012,69
12/05/2012,15
12/06/2012,25
12/06/2012,71
12/06/2012,67
12/06/2012,27
12/07/2012,29
12/07/2012,25
12/07/2012,29
12/07/2012,23
12/07/2012,23
12/08/2012,27
12/08/2012,15
12/09/2012,75
12/09/2012,22
12/10/2012,25
12/10/2012,10
12/10/2012,26
12/10/2012,27
12/10/2012,25
12/11/2012,68
12/11/2012,22
12/11/2012,2
12/12/2012,53
12/12/2012,51
12/12/2012,26
12/13/2012,63
12/13/2012,26
12/13/2012,26
12/13/2012,26
12/13/2012,26
12/13/2012,27
12/13/2012,26
12/13/2012,61
12/13/2012,61
12/14/2012,23
12/14/2012,66
12/16/2012,68
12/16/2012,66
12/17/2012,63
12/17/2012,63
12/17/2012,68
12/17/2012,23
12/18/2012,67
12/18/2012,44
12/18/2012,25
12/18/2012,58
12/18/2012,68
12/19/2012,25
12/19/2012,38
12/19/2012,67
12/19/2012,46
12/19/2012,67
12/19/2012,23
12/19/2012,23
12/20/2012,61
12/20/2012,25
12/20/2012,11
12/20/2012,27
12/21/2012,25
12/21/2012,68
12/24/2012,26
12/25/2012,43
12/27/2012,35
12/27/2012,61
12/27/2012,29
12/28/2012,67
12/28/2012,69
12/28/2012,26
12/28/2012,7
12/30/2012,31
12/31/2012,7
01/04/2013,68
01/04/2013,61
01/04/2013,61
01/04/2013,67
01/04/2013,67
01/06/2013,27
01/06/2013,8
01/07/2013,66
01/07/2013,68
01/07/2013,61
01/07/2013,61
01/08/2013,46
01/08/2013,25
01/08/2013,61
01/08/2013,53
01/08/2013,25
01/08/2013,25
01/08/2013,68
01/08/2013,68
01/09/2013,29
01/09/2013,26
01/09/2013,68
01/09/2013,46
01/09/2013,26
01/09/2013,26
01/09/2013,24
01/09/2013,49
01/10/2013,26
01/10/2013,26
01/10/2013,66
01/11/2013,68
01/11/2013,22
01/11/2013,67
01/11/2013,26
01/11/2013,26
01/14/2013,25
01/14/2013,60
01/14/2013,19
01/15/2013,25
01/15/2013,10
01/15/2013,61
01/15/2013,26
01/15/2013,26
01/16/2013,68
01/16/2013,26
01/16/2013,26
01/16/2013,25
01/17/2013,23
01/17/2013,21
01/17/2013,67
01/17/2013,7
01/18/2013,69
01/18/2013,27
01/18/2013,23
01/19/2013,26
01/19/2013,25
01/19/2013,23
01/20/2013,67
01/21/2013,42
01/22/2013,25
01/22/2013,73
01/22/2013,23
01/22/2013,23
01/22/2013,27
01/22/2013,38
01/22/2013,67
01/23/2013,67
01/23/2013,29
01/23/2013,19
01/24/2013,26
01/24/2013,67
01/24/2013,27
01/24/2013,68
01/24/2013,68
01/24/2013,27
01/24/2013,27
01/24/2013,23
01/25/2013,25
01/25/2013,73
01/25/2013,29
01/25/2013,26
01/28/2013,23
01/28/2013,27
01/29/2013,9
01/29/2013,37
01/29/2013,26
01/30/2013,42
01/30/2013,52
02/01/2013,15
02/01/2013,23
02/01/2013,67
02/01/2013,25
02/01/2013,25
02/01/2013,25
02/01/2013,25
02/01/2013,26
02/02/2013,25
02/03/2013,29
02/04/2013,23
02/04/2013,26
02/05/2013,22
02/05/2013,21
02/05/2013,25
02/05/2013,71
02/05/2013,67
02/05/2013,67
02/05/2013,67
02/05/2013,61
02/05/2013,25
02/06/2013,23
02/06/2013,25
02/06/2013,25
02/06/2013,62
02/07/2013,61
02/08/2013,66
02/08/2013,61
02/10/2013,58
02/11/2013,67
02/11/2013,63
02/11/2013,21
02/11/2013,30
02/12/2013,29
02/12/2013,68
02/12/2013,25
02/12/2013,23
02/13/2013,25
02/13/2013,26
02/13/2013,26
02/13/2013,26
02/14/2013,23
02/14/2013,28
02/14/2013,52
02/14/2013,61
02/15/2013,27
02/15/2013,27
02/15/2013,66
02/17/2013,27
02/18/2013,66
02/19/2013,23
02/19/2013,16
02/19/2013,56
02/19/2013,22
02/19/2013,67
02/21/2013,27
02/21/2013,27
02/21/2013,29
02/21/2013,29
02/21/2013,68
02/21/2013,61
02/21/2013,23
02/21/2013,26
02/22/2013,75
02/22/2013,25
02/23/2013,29
02/24/2013,21
02/25/2013,67
02/28/2013,25
02/28/2013,26
02/28/2013,25
03/05/2013,28
03/05/2013,26
03/05/2013,26
03/07/2013,25
03/07/2013,25
03/07/2013,23
03/07/2013,27
03/12/2013,19
03/12/2013,26
03/13/2013,23
03/13/2013,25
03/15/2013,43
03/16/2013,68
03/18/2013,29
03/18/2013,30
03/18/2013,67
03/20/2013,26
03/20/2013,66
03/22/2013,25
03/22/2013,23
03/23/2013,71
03/25/2013,26
03/29/2013,16
03/29/2013,29
04/01/2013,23
04/02/2013,22
04/03/2013,67
01/29/2013,23
01/14/2013,68
12/13/2012,67
07/13/2012,67
03/20/2013,25
02/11/2013,68
12/12/2012,53
05/18/2012,68
05/10/2012,68
03/27/2013,19
04/09/2013,61
04/05/2013,68
08/20/2012,38
01/10/2013,71
01/14/2013,25
04/05/2012,22
04/01/2013,26
03/27/2013,25
01/11/2013,42
05/25/2012,61
02/18/2013,27
10/31/2012,68
07/20/2012,61
04/12/2013,26
04/11/2013,26
03/28/2013,25
09/28/2012,69
01/04/2013,68
08/29/2012,53
06/23/2012,25
07/20/2012,61
03/06/2012,38
04/09/2013,23
03/20/2013,27
01/06/2013,68
01/06/2013,68
01/08/2013,68
01/04/2013,68
05/02/2013,25
04/30/2013,26
04/30/2013,26
04/26/2013,27
04/27/2013,25
04/24/2013,26
04/22/2013,26
04/23/2013,26
04/16/2013,26
04/11/2013,26
04/11/2013,26
03/20/2013,27
03/21/2013,26
03/22/2013,25
03/23/2013,43
10/19/2012,43
02/08/2012,43
03/31/2013,42
03/19/2012,53
05/04/2013,61
03/07/2013,67
01/04/2013,61
04/28/2012,53
05/07/2013,35
04/26/2013,61
05/06/2013,37
05/06/2013,68
05/03/2013,36
05/03/2013,15
05/03/2013,5
04/30/2013,38
05/01/2013,43
05/01/2013,60
05/01/2013,43
05/02/2013,44
04/25/2013,49
04/27/2013,46
03/30/2013,19
02/12/2013,49
01/24/2013,49
01/11/2013,49
12/25/2012,49
05/16/2012,69
05/21/2012,49
04/18/2012,69
03/23/2012,69
03/06/2012,69
05/07/2013,68
04/30/2013,10
04/30/2013,67
04/26/2013,67
04/29/2013,68
04/21/2013,67
02/06/2013,68
02/08/2013,53
10/29/2012,50
06/22/2012,69
03/16/2012,53
05/14/2013,75
05/09/2013,53
04/24/2013,53
04/25/2013,75
05/07/2012,75
03/18/2012,5
05/15/2013,53
05/15/2013,61
05/14/2013,68
05/14/2013,68
05/06/2013,17
02/25/2013,69
11/29/2012,19
09/12/2012,69
03/30/2012,44
01/13/2012,72
05/17/2013,29
05/03/2013,27
05/01/2013,69
04/29/2013,67
11/28/2012,68
07/10/2012,51
05/17/2013,53
05/08/2013,67
05/09/2013,68
05/04/2013,77
04/30/2013,68
04/26/2013,8
08/22/2012,69
07/13/2012,71
05/21/2013,17
05/10/2013,67
05/11/2013,68
05/07/2013,66
05/03/2013,71
05/06/2013,67
05/02/2013,44
04/22/2013,71
03/19/2013,69
12/08/2012,71
08/01/2012,71
05/20/2013,23
05/15/2013,27
04/16/2013,41
04/08/2013,51
03/28/2013,69
02/02/2013,67
02/09/2013,69
01/07/2013,68
01/09/2013,68
01/04/2013,68
12/12/2012,44
08/07/2012,67
08/05/2012,68
06/09/2012,68
05/21/2012,53
05/25/2012,67
04/28/2012,69
04/09/2012,69
03/11/2012,53
05/20/2013,67
05/20/2013,42
05/18/2013,67
05/10/2013,26
05/08/2013,23
05/05/2013,66
05/06/2013,42
05/01/2013,27
04/21/2013,23
05/16/2013,67
04/18/2013,6
02/06/2013,71
10/29/2012,44
10/30/2012,71
09/01/2012,71
08/13/2012,49
06/30/2012,44
06/12/2012,44
05/21/2013,58
09/19/2012,69
08/31/2012,53
07/25/2012,44
01/10/2013,53
05/30/2013,49
05/25/2013,23
05/25/2013,27
05/27/2013,23
05/21/2013,25
05/15/2013,27
01/11/2013,49
05/25/2013,23
05/25/2013,23
05/23/2013,23
05/17/2013,24
05/14/2013,18
05/07/2013,69
05/03/2013,69
04/10/2013,49
04/12/2013,37
03/27/2013,42
01/31/2013,53
12/21/2012,69
11/25/2012,50
08/30/2012,68
08/17/2012,69
04/27/2012,54
02/26/2012,53
05/30/2013,23
05/29/2013,25
05/28/2013,53
05/09/2013,31
02/13/2013,69
11/19/2012,6
10/12/2012,53
09/16/2012,44
08/13/2012,69
04/16/2012,49
05/20/2013,49
05/20/2013,49
05/01/2013,67
03/22/2013,69
02/07/2013,68
10/20/2012,68
07/24/2012,69
05/24/2013,16
01/29/2013,53
10/02/2012,68
06/21/2012,44
04/29/2012,44
03/21/2012,68
03/19/2012,44
06/03/2013,18
05/24/2013,38
04/29/2013,53
04/29/2013,53
02/14/2013,44
11/17/2012,68
09/11/2012,5
06/04/2013,25
06/03/2013,25
06/03/2013,25
06/01/2013,25
05/30/2013,23
05/09/2012,67
06/05/2013,25
06/04/2013,42
05/31/2013,73
06/01/2013,29
06/03/2013,60
05/30/2013,29
05/29/2013,42
05/23/2013,52
05/03/2013,29
04/27/2013,46
04/21/2013,52
04/09/2013,24
04/02/2013,52
03/29/2013,52
03/05/2013,49
03/05/2013,49
02/06/2013,68
01/07/2013,49
01/07/2013,49
02/26/2012,49
06/10/2013,29
06/07/2013,26
06/06/2013,25
05/30/2013,19
04/02/2013,49
02/12/2013,69
01/02/2013,53
12/10/2012,67
12/05/2012,71
03/23/2012,43
06/11/2013,26
06/11/2013,26
06/06/2013,39
05/29/2013,27
05/24/2013,46
04/13/2013,46
02/15/2013,46
01/28/2013,46
08/28/2012,44
04/19/2013,73
03/15/2013,73
12/23/2012,67
09/01/2012,71
06/05/2012,73
05/23/2012,71
03/01/2012,67
01/14/2012,67
05/10/2013,44
03/25/2013,69
03/20/2013,71
02/07/2013,71
09/05/2012,67
09/07/2012,71
02/26/2012,49
03/31/2013,37
02/02/2012,36
06/08/2013,71
06/08/2013,61
06/07/2013,71
06/05/2013,21
06/04/2013,25
05/13/2013,39
03/13/2013,49
03/07/2013,68
12/25/2012,45
12/31/2012,46
10/03/2012,49
09/19/2012,47
09/14/2012,46
08/31/2012,67
08/06/2012,49
08/06/2012,49
06/14/2013,67
06/13/2013,26
06/13/2013,26
06/11/2013,67
06/06/2013,26
06/04/2013,26
06/04/2013,26
05/31/2013,69
05/30/2013,26
05/28/2013,67
05/22/2013,53
05/18/2013,40
05/18/2013,67
05/13/2013,67
12/06/2012,71
11/20/2012,67
10/30/2012,50
11/01/2012,47
08/24/2012,67
08/02/2012,71
07/10/2012,67
07/08/2012,71
06/12/2012,43
05/11/2012,71
03/21/2012,50
03/22/2012,47
06/16/2013,73
06/10/2013,77
06/10/2013,21
05/30/2013,25
08/06/2012,48
07/22/2012,4
06/28/2012,48
03/12/2012,48
05/13/2013,11
01/29/2013,45
09/27/2012,48
06/07/2012,48
06/21/2013,58
06/04/2013,68
05/29/2013,25
05/28/2013,61
05/20/2013,25
04/29/2013,44
04/30/2013,44
04/25/2013,39
02/22/2013,44
08/01/2012,69
05/13/2012,44
01/29/2012,44
06/25/2013,29
06/17/2013,29
06/17/2013,29
05/28/2013,25
07/23/2012,50
08/29/2012,51
08/27/2012,4
08/27/2012,4
06/25/2013,25
06/22/2013,23
06/24/2013,23
06/19/2013,26
06/18/2013,23
06/18/2013,23
06/19/2013,25
06/13/2013,26
06/13/2013,26
06/12/2013,23
03/19/2012,53
05/24/2013,25
04/23/2013,50
11/06/2012,46
05/07/2012,45
07/01/2013,25
06/25/2013,25
06/20/2013,67
06/03/2013,44
05/31/2013,53
06/03/2013,37
06/03/2013,38
05/28/2013,61
05/23/2013,43
05/21/2013,43
05/21/2013,15
03/20/2013,43
04/24/2012,46
01/09/2012,51
07/02/2013,26
06/30/2013,27
06/26/2013,67
06/26/2013,25
06/18/2013,68
06/12/2013,46
06/11/2013,67
06/03/2013,67
05/29/2013,27
01/03/2013,46
07/20/2012,46
06/27/2012,46
07/01/2012,46
05/25/2012,51
04/16/2012,51
03/20/2012,46
07/05/2013,21
06/24/2013,42
06/12/2013,42
04/02/2013,46
02/09/2012,48
07/08/2013,29
07/11/2013,43
07/02/2013,25
06/29/2013,68
05/07/2013,43
03/28/2013,43
08/17/2012,43
06/20/2012,46
05/31/2012,51
04/10/2012,46
07/09/2013,43
07/06/2013,19
06/30/2013,43
06/27/2013,25
09/20/2012,40
03/13/2012,48
07/09/2013,43
07/08/2013,29
01/12/2013,43
07/13/2013,8
07/12/2013,46
07/10/2013,25
07/08/2013,43
07/01/2013,11
06/07/2013,6
06/07/2013,6
06/05/2013,67
06/07/2013,68
05/18/2013,67
05/21/2013,67
07/09/2013,26
06/27/2013,23
06/17/2013,23
08/27/2012,46
06/11/2012,46
07/13/2013,25
07/06/2013,28
06/25/2013,14
05/14/2013,46
03/22/2013,46
03/11/2013,48
02/10/2013,44
10/26/2012,46
06/07/2012,46
07/17/2013,26
07/06/2013,49
07/06/2013,26
07/06/2013,40
07/04/2013,20
06/29/2013,27
06/27/2013,19
06/28/2013,49
06/24/2013,23
06/06/2013,25
07/06/2013,38
07/03/2013,38
06/04/2013,68
06/03/2013,68
07/20/2013,28
07/18/2013,30
07/13/2013,25
07/15/2013,23
07/11/2013,40
07/08/2013,68
06/25/2013,53
07/23/2013,23
07/22/2013,19
07/16/2013,19
05/27/2013,71
07/22/2013,24
07/25/2013,30
07/25/2013,26
07/06/2013,69
07/07/2013,25
07/25/2013,40
07/09/2013,69
07/03/2013,27
12/16/2012,69
04/09/2012,67
07/22/2013,67
07/19/2013,68
07/20/2013,26
07/10/2013,26
07/09/2013,44
07/01/2013,42
06/29/2013,42
06/26/2013,30
06/25/2013,67
06/20/2013,71
05/20/2013,44
05/02/2013,16
07/15/2013,61
07/16/2013,25
07/01/2013,4
06/07/2013,67
05/29/2013,61
07/29/2013,25
07/25/2013,22
07/24/2013,49
07/25/2013,49
07/23/2013,41
07/02/2013,16
06/06/2013,25
06/06/2013,25
07/08/2013,28
06/28/2013,61
08/07/2013,67
08/02/2013,29
06/21/2013,58
05/23/2013,58
08/21/2012,46
08/23/2012,44
08/15/2012,43
08/16/2012,4
08/09/2012,48
05/22/2012,45
03/27/2012,45
08/03/2013,23
07/31/2013,71
07/19/2013,68
07/18/2013,25
06/06/2013,51
06/04/2012,71
08/12/2013,43
08/06/2013,3
07/29/2013,25
07/26/2013,25
06/06/2013,23
05/25/2013,23
05/28/2013,61
08/13/2013,75
08/10/2013,8
08/02/2013,19
07/23/2013,25
05/29/2013,71
08/09/2013,67
07/30/2013,46
07/31/2013,43
07/26/2013,49
07/26/2013,56
06/20/2013,48
06/20/2013,68
06/12/2013,56
06/05/2013,56
07/15/2013,45
06/27/2013,44
06/24/2013,45
04/25/2013,57
08/11/2013,22
08/08/2013,53
08/08/2013,49
07/26/2013,17
07/15/2013,44
07/08/2013,49
08/09/2013,27
07/23/2013,46
08/14/2013,67
08/07/2013,75
05/24/2013,53
04/14/2013,67
08/12/2013,62
08/12/2013,29
08/12/2013,29
08/12/2013,29
08/06/2013,28
07/30/2013,62
07/29/2013,28
07/29/2013,28
07/15/2013,66
05/29/2013,56
08/12/2013,23
08/09/2013,25
08/08/2013,23
07/20/2013,49
07/13/2013,67
07/13/2013,25
06/29/2013,58
07/01/2013,26
06/27/2013,23
06/25/2013,67
06/14/2013,49
06/11/2013,67
05/28/2013,49
05/28/2013,58
05/20/2013,50
05/22/2013,23
08/13/2013,68
07/09/2013,49
07/26/2013,53
08/24/2013,30
05/28/2013,30
05/24/2013,53
03/26/2013,69
04/29/2013,37
08/26/2013,29
08/21/2013,49
08/05/2013,25
08/30/2013,25
08/26/2013,27
08/23/2013,26
08/21/2013,27
08/22/2013,49
08/20/2013,26
08/04/2013,1
08/22/2013,27
08/19/2013,25
08/23/2013,71
08/21/2013,30
08/21/2013,9
08/19/2013,27
08/03/2013,26
07/18/2013,66
06/24/2013,25
04/16/2013,23
08/26/2013,25
09/09/2013,26
09/08/2013,27
09/08/2013,26
09/09/2013,67
09/05/2013,49
09/04/2013,26
09/03/2013,49
09/04/2013,61
03/15/2013,73
01/08/2013,68
09/03/2013,20
09/03/2013,67
08/28/2013,23
09/02/2013,25
03/30/2013,67
03/09/2013,71
09/18/2013,25
09/12/2013,26
09/13/2013,25
09/07/2013,26
06/28/2013,61
09/20/2013,61
09/15/2013,26
09/12/2013,5
08/20/2013,57
04/09/2013,67
08/21/2013,19
08/09/2013,26
05/03/2013,26
09/18/2013,27
09/30/2013,66
09/22/2013,71
09/17/2013,49
09/17/2013,27
08/28/2013,67
06/12/2012,53
09/17/2013,43
09/17/2013,53
09/16/2013,73
09/16/2013,43
08/27/2013,25
09/08/2013,29
09/10/2013,19
09/20/2013,58
09/16/2013,43
09/11/2013,25
07/08/2013,49
07/08/2013,49
09/06/2013,26
09/02/2013,29
07/10/2013,25
10/03/2013,7
10/06/2013,61
09/30/2013,60
09/09/2013,67
10/17/2012,69
09/16/2013,25
09/10/2013,25
04/20/2013,53
09/23/2013,58
08/19/2013,58
07/25/2013,69
04/05/2013,66
09/25/2012,23
08/26/2013,58
08/12/2013,51
07/09/2013,67
09/17/2013,40
09/11/2013,53
09/11/2013,53
08/26/2013,58
08/23/2013,38
08/20/2013,73
09/18/2013,53
09/09/2013,53
10/17/2013,26
10/16/2013,30
10/02/2013,30
05/30/2013,38
12/20/2012,61
10/24/2013,24
10/03/2013,42
01/17/2012,71
10/28/2013,42
10/28/2013,42
10/17/2013,42
10/14/2013,23
10/11/2013,25
10/09/2013,42
09/29/2013,27
09/19/2013,25
09/03/2013,14
08/26/2013,42
05/29/2013,61
10/25/2013,49
10/18/2013,67
09/24/2013,49
10/28/2013,29
10/11/2013,75
08/28/2013,75
08/26/2013,22
11/04/2013,30
11/04/2013,30
10/17/2013,68
10/14/2013,67
09/25/2013,27
09/17/2013,53
09/14/2013,66
09/14/2013,53
10/23/2013,50
10/08/2013,49
09/23/2013,49
08/23/2013,24
10/29/2013,51
10/08/2013,67
09/27/2013,49
08/13/2013,19
07/26/2013,20
09/25/2012,49
06/05/2013,71
09/16/2013,61
09/06/2013,26
09/27/2012,71
07/31/2012,73
05/04/2012,71
10/14/2013,69
10/02/2013,69
09/10/2013,69
09/04/2013,32
08/07/2013,49
09/11/2012,49
09/11/2013,67
08/02/2013,66
07/09/2013,67
06/19/2013,67
04/11/2013,42
10/30/2013,25
10/24/2013,69
10/21/2013,67
10/14/2013,69
10/03/2013,69
09/04/2013,69
08/23/2013,42
07/09/2013,53
10/30/2013,23
10/23/2013,73
09/23/2013,22
09/04/2013,49
11/18/2013,42
09/21/2013,42
09/12/2013,43
08/21/2013,53
11/16/2013,69
11/13/2013,69
09/11/2013,69
11/15/2013,68
11/05/2013,48
09/19/2013,67
09/16/2013,47
08/28/2013,46
08/13/2013,68
08/09/2013,66
07/26/2013,60
08/01/2012,44
11/21/2013,61
10/12/2013,66
11/04/2013,42
10/14/2013,69
09/13/2013,46
08/30/2013,67
06/20/2013,52
08/05/2013,69
11/26/2013,42
11/16/2013,49
11/13/2013,43
10/23/2013,26
10/09/2013,31
10/09/2013,31
09/21/2013,43
09/14/2013,43
06/05/2012,61
10/04/2013,43
10/04/2013,43
09/27/2013,42
01/19/2013,43
12/03/2013,67
11/03/2013,54
10/28/2013,53
10/28/2013,53
06/12/2012,71
12/03/2013,53
11/20/2013,45
11/11/2013,49
11/13/2013,63
11/06/2013,25
11/10/2013,71
09/12/2013,63
09/14/2013,45
08/27/2013,75
07/31/2013,52
07/16/2013,52
11/20/2013,47
11/20/2013,67
11/15/2013,67
11/10/2013,68
11/11/2013,68
11/09/2013,49
11/02/2013,67
10/30/2013,51
10/28/2013,67
10/21/2013,67
10/23/2013,11
10/21/2013,67
10/01/2013,26
08/28/2013,46
01/13/2012,67
12/10/2013,8
12/05/2013,75
11/29/2013,49
11/05/2013,44
11/04/2013,49
10/04/2013,24
09/25/2013,67
06/18/2013,25
02/18/2012,49
12/07/2013,38
08/26/2013,68
12/03/2012,71
09/08/2012,49
05/07/2012,73
07/31/2013,73
12/04/2013,28
11/30/2013,29
11/25/2013,26
10/29/2013,67
10/17/2013,67
10/14/2013,67
09/16/2013,45
05/24/2013,71
05/07/2013,73
06/01/2012,71
05/17/2012,73
05/18/2012,73
12/12/2013,61
11/19/2013,19
11/07/2013,61
10/25/2013,45
07/15/2013,55
07/16/2013,52
07/01/2013,73
06/20/2013,71
01/04/2013,46
02/25/2013,49
03/04/2013,71
06/13/2012,49
05/09/2012,49
08/21/2013,4
12/07/2013,47
11/27/2013,77
10/23/2013,68
10/18/2013,49
09/16/2013,52
09/09/2013,23
08/28/2013,56
08/30/2013,43
08/23/2013,55
08/15/2013,42
05/31/2013,67
06/04/2013,66
05/23/2013,66
04/08/2013,66
01/25/2013,66
12/18/2012,46
08/20/2012,66
08/02/2012,68
12/19/2013,73
08/26/2013,66
07/09/2013,66
05/07/2012,66
09/10/2013,49
12/05/2012,71
09/06/2012,71
07/25/2012,71
06/19/2012,70
01/10/2012,71
12/02/2013,69
11/30/2013,69
11/25/2013,67
11/25/2013,68
12/25/2013,69
12/04/2013,69
11/30/2013,61
11/25/2013,49
11/25/2013,49
08/06/2013,6
12/06/2013,66
01/04/2014,26
12/30/2013,29
08/14/2013,43
12/16/2013,69
12/11/2013,49
12/03/2013,69
12/04/2013,69
12/04/2013,69
06/13/2013,73
09/19/2013,45
01/08/2014,68
12/30/2013,69
12/26/2013,67
12/27/2013,43
12/20/2013,67
12/20/2013,67
12/21/2013,26
11/25/2013,42
11/15/2013,42
11/07/2013,30
10/30/2013,51
09/25/2013,43
09/18/2013,29
09/04/2013,73
08/18/2013,63
08/22/2013,46
06/20/2013,25
05/03/2013,27
04/20/2013,28
01/28/2013,27
02/12/2013,25
01/01/2014,28
01/02/2014,26
12/28/2013,23
12/18/2013,67
12/20/2013,27
12/14/2013,27
12/03/2013,73
10/24/2013,67
10/19/2013,68
09/19/2013,22
09/06/2013,25
01/13/2014,67
01/13/2014,9
01/14/2014,61
01/14/2014,67
01/15/2014,61
01/07/2014,68
01/13/2014,67
01/03/2014,51
12/18/2013,23
11/22/2013,23
09/24/2013,75
08/01/2013,68
11/17/2012,67
08/09/2012,71
04/26/2012,71
01/10/2014,53
12/30/2013,53
12/24/2013,49
11/22/2013,43
07/30/2012,53
12/28/2013,23
10/19/2013,23
08/25/2013,46
01/08/2013,8
04/04/2012,71
01/15/2014,67
12/27/2013,51
10/31/2013,27
08/27/2013,29
03/07/2012,53
01/22/2014,66
01/14/2014,67
12/25/2013,49
10/18/2013,67
10/18/2013,11
08/15/2013,69
08/16/2013,71
08/07/2013,49
07/29/2013,49
07/10/2013,69
05/10/2013,42
04/11/2013,69
04/04/2013,69
11/05/2012,71
08/07/2012,71
06/26/2012,67
05/05/2012,49
01/24/2012,7
02/28/2012,69
07/09/2013,36
09/27/2012,40
01/23/2014,49
01/23/2014,75
01/27/2014,23
01/14/2014,33
01/16/2014,16
11/14/2013,67
10/09/2013,49
10/09/2013,73
09/06/2013,68
08/29/2013,69
08/29/2013,69
04/03/2013,46
01/27/2014,55
11/16/2013,61
09/26/2013,46
09/26/2013,46
09/24/2013,46
07/18/2013,46
12/24/2013,67
11/12/2013,68
09/14/2013,26
07/19/2013,68
02/18/2013,71
01/27/2014,22
10/09/2013,22
09/01/2013,61
01/27/2014,46
01/26/2014,30
10/21/2013,61
10/11/2013,24
01/23/2014,30
05/14/2013,49
03/29/2013,49
04/27/2012,50
02/05/2014,67
02/05/2014,67
02/06/2014,23
11/10/2013,50
10/28/2013,67
01/12/2013,66
11/11/2013,58
05/11/2013,66
03/25/2013,66
03/31/2013,66
03/31/2013,66
04/06/2013,71
05/25/2012,71
09/04/2013,71
02/13/2014,23
02/13/2014,23
06/19/2013,29
10/27/2012,70
02/13/2014,27
01/29/2014,23
01/30/2014,27
01/31/2014,67
05/01/2013,25
02/21/2014,42
02/14/2014,50
02/14/2014,50
02/14/2014,50
01/16/2014,45
12/31/2013,46
01/14/2014,45
01/23/2014,53
09/06/2013,50
02/11/2014,67
02/15/2014,68
10/14/2013,70
01/26/2013,75
07/18/2012,71
01/14/2012,49
01/26/2014,67
12/19/2013,25
07/23/2013,68
02/18/2014,75
01/08/2014,44
10/24/2013,49
06/19/2013,49
07/06/2012,67
03/04/2014,68
07/10/2013,55
11/26/2012,46
06/04/2012,51
02/27/2014,67
02/25/2014,67
02/25/2014,68
03/04/2014,31
02/18/2014,67
03/08/2014,61
01/29/2014,73
02/12/2013,71
07/01/2012,71
05/15/2012,71
03/12/2014,25
03/02/2014,67
12/11/2013,63
03/11/2014,67
03/10/2014,69
03/10/2014,29
03/06/2014,67
02/24/2014,46
07/22/2013,25
09/06/2012,69
09/26/2012,53
07/30/2012,55
08/24/2012,52
02/24/2014,68
08/29/2012,49
05/02/2012,73
12/08/2012,73
03/20/2014,42
07/12/2013,67
04/08/2013,67
07/18/2012,63
04/13/2013,61
12/06/2012,66
03/16/2014,69
02/28/2014,71
03/01/2014,49
12/31/2013,43
03/11/2014,43
03/03/2014,68
02/19/2014,38
01/16/2014,67
11/05/2013,67
07/10/2013,66
03/12/2014,29
03/18/2014,68
03/24/2014,29
03/20/2014,75
03/16/2014,50
03/13/2014,49
03/08/2014,53
06/21/2013,20
04/19/2013,2
02/24/2014,69
01/02/2013,49
01/29/2014,67
03/31/2014,71
03/31/2014,71
03/31/2014,28
03/21/2014,40
03/16/2014,22
03/18/2014,25
03/18/2014,27
12/30/2013,26
12/31/2013,41
12/16/2013,58
11/27/2013,25
11/02/2013,22
11/07/2013,23
10/10/2013,25
10/21/2013,42
10/02/2013,27
09/19/2013,25
09/20/2013,25
09/12/2013,25
08/29/2013,25
07/31/2013,23
07/18/2013,26
06/18/2013,23
05/03/2013,25
11/10/2012,42
11/22/2012,49
12/10/2012,6
12/15/2012,46
04/07/2014,67
04/01/2014,23
02/18/2014,12
01/30/2014,25
10/31/2013,49
07/11/2013,25
07/23/2013,16
06/05/2013,25
04/24/2013,49
11/16/2012,52
06/13/2012,53
03/19/2014,43
03/14/2014,43
03/15/2014,46
01/31/2014,46
11/21/2013,29
05/13/2013,29
12/21/2012,43
04/12/2014,25
04/11/2014,26
04/11/2014,26
04/08/2014,27
04/09/2014,25
04/10/2014,26
03/28/2014,72
03/29/2014,75
07/24/2013,67
04/03/2014,69
04/11/2014,25
04/14/2014,26
04/01/2014,49
04/01/2014,49
04/02/2014,67
03/21/2014,67
04/11/2014,30
04/12/2014,10
04/15/2014,32
04/11/2014,39
04/27/2014,23
04/17/2014,68
04/23/2014,61
04/17/2014,61
04/14/2014,49
01/07/2013,61
04/17/2014,15
04/30/2014,23
04/16/2014,25
04/14/2014,73
04/18/2014,71
04/19/2014,71
04/27/2014,26
03/27/2014,49
03/21/2014,49
05/05/2014,46
05/04/2014,71
04/30/2014,73
03/12/2014,75
01/16/2014,49
10/02/2013,71
05/07/2013,71
02/04/2013,71
11/08/2012,71
11/28/2012,71
12/21/2012,66
12/28/2012,66
08/23/2012,66
06/20/2012,71
03/21/2012,8
05/16/2012,70
04/16/2014,43
04/07/2014,49
05/09/2014,49
05/09/2014,42
05/06/2014,27
05/07/2014,71
04/30/2014,67
04/17/2014,49
03/23/2013,70
11/06/2012,66
08/31/2012,66
05/12/2014,46
05/07/2013,66
04/29/2014,25
05/14/2014,23
05/15/2014,26
05/13/2014,43
05/05/2014,68
04/26/2014,51
04/18/2014,66
04/11/2013,43
07/06/2012,46
05/14/2014,67
05/13/2014,67
04/24/2014,69
03/28/2014,67
03/29/2014,50
02/04/2014,7
05/09/2014,61
05/05/2014,44
03/22/2013,66
05/11/2014,71
05/21/2014,67
03/21/2014,46
02/19/2014,46
10/12/2013,46
07/15/2013,46
03/16/2013,53
09/26/2012,53
04/15/2014,50
05/31/2013,30
05/21/2014,25
05/28/2014,25
05/12/2014,49
02/21/2014,43
05/25/2014,61
05/21/2014,46
05/21/2014,46
05/19/2014,43
04/21/2014,75
05/30/2014,68
05/19/2014,44
05/22/2014,26
05/22/2014,43
05/19/2014,43
05/19/2014,43
05/13/2014,49
05/01/2014,67
05/05/2014,27
04/28/2014,26
04/06/2014,49
05/20/2014,72
05/13/2014,23
05/05/2014,23
05/14/2014,3
05/13/2014,29
09/03/2013,68
05/05/2014,68
04/28/2014,67
05/27/2014,43
05/19/2014,49
05/20/2014,7
04/28/2014,53
05/19/2014,61
05/20/2014,68
05/04/2014,67
05/08/2014,67
04/24/2014,61
04/06/2014,49
05/29/2014,68
05/28/2014,43
05/29/2014,68
05/26/2014,43
05/07/2014,67
09/04/2013,68
05/18/2014,39
04/23/2014,43
03/28/2014,52
06/12/2014,25
05/29/2014,73
05/29/2014,58
01/14/2014,51
06/24/2014,63
06/15/2014,62
05/29/2014,63
05/29/2014,30
05/27/2014,58
05/06/2014,52
06/08/2014,43
06/20/2014,7
06/20/2014,68
05/27/2014,69
05/19/2014,29
01/24/2013,52
07/03/2014,27
06/24/2014,22
05/22/2014,22
05/20/2014,22
05/09/2014,71
07/10/2014,63
05/02/2014,75
12/29/2013,25
09/06/2013,26
07/10/2014,23
06/17/2014,42
07/16/2014,26
05/31/2014,29
07/04/2014,17
07/21/2014,42
06/21/2014,66
06/26/2014,23
05/29/2014,45
05/15/2014,67
06/24/2014,74
06/25/2014,67
06/19/2014,53
06/03/2014,26
05/31/2014,53
07/22/2014,23
07/07/2014,25
06/24/2014,68
09/18/2013,75
07/12/2014,26
07/26/2014,49
06/24/2014,67
06/11/2014,68
06/05/2014,26
05/28/2014,53
05/05/2014,25
04/21/2014,73
07/28/2014,16
11/21/2013,46
05/31/2013,46
07/16/2014,68
06/12/2014,20
05/09/2014,52
07/29/2014,23
06/19/2014,23
05/09/2014,23
06/22/2014,66
07/31/2014,23
07/28/2014,21
07/24/2014,19
07/28/2014,29
07/28/2014,44
06/30/2014,53
07/01/2014,25
06/26/2014,42
06/25/2014,68
08/06/2014,29
07/26/2014,25
07/28/2014,67
06/30/2014,68
06/11/2014,61
08/03/2014,23
05/05/2014,23
08/07/2014,0
07/27/2014,26
07/10/2014,26
06/19/2014,16
06/30/2013,38
07/28/2014,29
06/17/2014,38
07/29/2014,60
06/20/2014,6
08/13/2014,49
05/01/2014,42
08/05/2014,24
08/06/2014,21
06/11/2014,7
03/24/2014,42
03/31/2014,67
05/01/2014,22
08/15/2014,25
08/04/2014,5
12/02/2013,46
08/05/2014,67
05/24/2014,29
07/28/2014,49
03/16/2014,67
03/20/2014,66
08/15/2014,25
08/15/2014,71
08/19/2014,25
08/25/2014,49
08/08/2014,7
08/25/2014,26
08/19/2014,19
05/12/2014,53
07/18/2014,69
08/13/2013,69
08/26/2014,25
08/18/2014,67
07/21/2014,53
07/17/2014,53
04/24/2014,44
04/14/2014,42
08/29/2014,70
08/23/2014,48
07/28/2014,66
07/18/2014,53
06/03/2014,53
03/22/2014,68
08/16/2014,49
07/25/2014,67
08/30/2014,25
09/02/2014,26
08/29/2014,26
08/04/2014,26
11/28/2013,53
07/07/2014,53
08/20/2014,59
08/20/2014,73
08/21/2014,68
07/21/2014,43
09/09/2014,50
08/25/2014,19
01/09/2014,28
08/28/2014,49
08/25/2014,53
07/16/2014,49
09/11/2014,25
09/09/2014,50
06/12/2014,41
05/16/2014,71
05/13/2014,25
09/03/2014,49
07/30/2014,44
06/23/2014,49
08/07/2014,73
09/20/2014,
05/27/2014,23
09/24/2014,67
09/19/2014,49
09/17/2014,49
09/16/2014,16
09/04/2014,43
09/03/2014,43
04/24/2013,52
09/09/2014,15
07/28/2014,49
05/30/2014,61
10/03/2013,39
06/10/2013,61
09/24/2014,52
09/23/2014,52
09/24/2014,16
09/16/2014,25
08/24/2014,49
07/28/2014,52
07/21/2014,52
09/29/2014,16
09/29/2014,67
09/21/2014,66
09/12/2014,46
08/29/2014,17
08/25/2014,17
08/13/2014,44
08/13/2014,44
08/13/2014,44
08/13/2014,44
07/14/2014,49
06/26/2014,69
11/20/2013,7
11/16/2012,63
01/13/2012,68
10/02/2014,26
09/25/2014,67
08/14/2014,49
08/14/2014,69
08/09/2014,69
09/24/2014,18
09/04/2014,71
08/05/2014,69
06/30/2014,71
04/22/2014,10
09/15/2014,44
09/02/2014,68
08/20/2014,68
08/14/2014,68
10/06/2014,67
10/02/2014,68
09/30/2014,69
09/26/2014,71
09/08/2014,44
10/01/2014,61
09/26/2014,75
09/21/2014,68
09/02/2014,68
08/27/2014,67
11/18/2013,61
10/03/2014,29
10/01/2014,67
09/16/2014,69
09/10/2014,69
08/09/2014,51
07/24/2014,44
07/09/2014,43
07/10/2014,46
06/20/2014,46
04/19/2014,67
09/08/2014,43
07/25/2014,46
06/04/2014,70
10/03/2014,25
09/11/2014,69
07/22/2014,25
04/15/2014,75
10/10/2014,43
10/12/2014,49
10/09/2014,69
09/24/2014,43
08/16/2014,47
06/24/2014,44
05/19/2014,44
04/02/2014,71
10/09/2014,49
10/09/2014,68
10/12/2014,67
10/08/2014,70
08/11/2014,45
07/19/2014,43
07/07/2014,45
04/11/2014,48
10/15/2014,53
10/11/2014,75
10/14/2014,49
10/14/2014,73
10/09/2014,53
10/15/2014,67
09/02/2014,61
06/04/2014,51
04/10/2014,61
08/12/2014,46
06/20/2014,49
05/01/2014,49
10/16/2013,50
08/19/2013,66
10/17/2014,67
10/04/2014,70
09/30/2014,66
09/04/2014,71
08/25/2014,70
06/17/2014,43
06/17/2014,67
04/19/2014,67
10/03/2013,66
09/09/2013,66
06/11/2013,71
02/14/2013,67
02/02/2012,71
10/16/2014,70
10/18/2014,15
10/02/2014,38
09/06/2014,67
08/08/2014,67
07/28/2014,62
07/14/2014,67
07/15/2014,65
06/18/2014,29
05/05/2014,69
11/20/2013,67
09/20/2013,43
10/20/2014,53
10/20/2014,49
10/06/2014,30
09/04/2014,67
08/14/2014,69
10/16/2014,69
09/29/2014,67
09/25/2014,67
09/17/2014,29
08/28/2014,27
04/18/2014,49
05/01/2014,49
04/01/2014,49
11/18/2013,44
09/21/2013,66
04/14/2013,49
03/12/2013,67
10/22/2014,26
10/22/2014,26
10/22/2014,23
10/16/2014,3
10/05/2014,44
08/28/2014,21
05/28/2014,46
05/15/2014,43
12/20/2013,46
10/28/2013,46
08/25/2013,46
07/16/2013,52
07/30/2013,43
04/13/2013,52
08/28/2012,46
10/18/2012,43
06/08/2012,46
10/10/2014,52
09/07/2014,44
09/01/2014,29
07/31/2014,6
07/23/2014,29
04/12/2014,22
04/15/2014,44
10/02/2013,43
03/05/2013,52
03/19/2013,52
07/30/2014,46
06/29/2014,63
01/10/2013,71
03/22/2012,71
06/22/2014,73
05/24/2014,71
02/21/2014,49
11/02/2014,66
10/27/2014,49
10/23/2014,25
10/22/2014,49
03/14/2014,73
01/16/2014,73
01/05/2013,53
10/29/2014,71
10/22/2014,5
10/24/2014,53
09/25/2014,48
05/29/2014,44
05/19/2014,44
03/19/2012,44
03/21/2012,66
11/01/2014,51
10/24/2014,67
10/27/2014,68
10/22/2014,44
09/08/2014,6
11/03/2014,46
11/01/2014,46
11/03/2014,43
07/14/2014,25
06/25/2014,43
11/10/2014,14
11/07/2014,61
11/04/2014,68
10/31/2014,25
11/01/2014,28
11/03/2014,69
09/19/2014,29
11/05/2014,67
09/01/2014,53
07/21/2014,53
06/13/2014,61
05/20/2014,53
05/08/2014,53
03/19/2012,75
11/04/2014,61
11/05/2014,75
06/11/2014,53
06/05/2014,67
11/01/2014,67
11/03/2014,67
11/04/2014,29
10/21/2014,69
09/11/2014,67
06/02/2014,67
03/31/2014,67
11/18/2014,42
11/17/2014,42
11/03/2014,49
10/30/2014,26
10/14/2014,71
10/17/2014,71
09/24/2014,66
09/25/2014,68
06/14/2014,49
02/21/2014,71
11/07/2014,25
10/31/2014,36
10/07/2014,41
09/22/2014,65
11/11/2013,66
05/22/2013,49
11/05/2014,24
11/07/2014,6
09/30/2014,7
10/09/2014,49
08/19/2014,66
03/21/2014,67
03/23/2014,49
09/12/2012,61
09/22/2012,66
11/10/2014,66
11/03/2014,49
11/04/2014,29
10/15/2014,66
09/24/2014,53
08/27/2014,25
08/12/2014,29
05/27/2014,26
06/02/2014,25
11/11/2014,42
09/23/2014,53
11/24/2014,42
10/22/2014,68
08/20/2014,72
08/20/2014,68
06/27/2014,53
08/01/2013,53
11/13/2014,25
11/01/2014,53
09/05/2014,3
08/16/2014,25
06/23/2014,49
06/03/2014,15
05/02/2014,25
11/28/2014,23
10/06/2014,48
09/30/2014,49
11/04/2014,71
08/29/2014,49
02/08/2014,46
11/13/2014,35
10/15/2014,40
10/24/2014,40
09/25/2014,37
07/21/2014,43
06/26/2014,38
07/08/2014,61
07/16/2014,44
06/03/2014,49
06/16/2014,49
06/18/2014,67
10/29/2013,43
03/25/2013,38
11/19/2014,69
11/17/2014,27
11/17/2014,29
10/23/2014,25
10/02/2014,25
08/27/2014,68
09/10/2014,42
08/05/2014,46
07/02/2014,25
03/20/2014,7
03/31/2014,61
04/07/2014,67
07/09/2013,68
11/21/2014,73
10/24/2014,69
10/28/2014,25
11/04/2014,26
10/14/2014,68
10/23/2014,47
03/14/2014,42
09/24/2014,43
10/14/2014,26
10/20/2014,26
10/21/2014,10
10/21/2014,29
08/15/2014,46
08/16/2014,68
07/02/2014,46
07/04/2013,29
08/23/2012,46
12/01/2014,40
12/01/2014,40
11/21/2014,38
11/21/2014,44
11/10/2014,71
09/25/2014,68
10/09/2014,71
06/30/2014,71
05/13/2014,69
12/06/2014,46
12/04/2014,51
11/27/2014,24
10/25/2014,24
02/24/2014,44
03/05/2014,69
10/03/2013,3
03/08/2013,44
12/05/2014,40
11/20/2014,61
11/08/2014,45
06/04/2014,61
12/05/2013,45
11/29/2014,48
12/11/2013,45
12/12/2014,44
12/12/2014,44
12/02/2014,67
07/19/2014,23
04/29/2013,53
12/13/2014,44
12/10/2014,49
12/08/2014,68
11/23/2014,25
11/18/2014,67
11/22/2014,66
10/06/2014,23
12/05/2014,50
11/30/2014,49
12/01/2014,67
12/18/2014,68
12/04/2014,67
12/06/2014,49
11/24/2014,49
09/06/2014,67
11/30/2014,23
12/12/2014,61
12/05/2014,65
10/29/2014,68
11/16/2014,46
08/15/2014,46
08/29/2014,17
09/20/2014,18
12/27/2014,34
12/08/2014,14
06/03/2014,18
12/24/2014,16
10/22/2014,52
06/20/2013,55
12/18/2014,59
12/19/2014,51
12/16/2014,44
12/22/2014,43
12/07/2014,4
12/01/2014,46
09/02/2014,43
07/07/2014,52
08/21/2014,43
10/01/2013,52
06/18/2013,52
08/09/2013,52
03/25/2013,52
01/03/2015,25
12/15/2014,44
11/21/2014,14
12/31/2014,68
12/28/2014,38
12/08/2014,44
11/08/2014,21
12/01/2014,48
08/08/2014,43
04/16/2013,46
12/27/2014,17
12/19/2014,25
12/16/2014,19
11/20/2014,71
09/24/2014,16
01/04/2015,67
12/23/2014,67
12/26/2014,37
01/08/2015,69
01/08/2015,69
01/04/2015,44
01/05/2015,69
12/24/2014,69
12/24/2014,44
12/27/2014,69
12/20/2014,44
01/05/2015,21
12/23/2014,43
12/04/2014,21
07/16/2014,22
12/24/2014,46
12/27/2014,43
11/22/2014,25
01/05/2015,49
12/26/2014,73
12/10/2014,73
12/04/2014,44
01/21/2015,68
01/21/2015,68
01/21/2015,68
01/21/2015,67
01/16/2015,67
01/18/2015,43
01/14/2015,71
01/01/2015,72
12/10/2014,49
12/10/2014,49
12/13/2014,51
11/14/2014,52
01/12/2015,75
12/27/2014,68
12/22/2014,23
06/04/2013,52
01/21/2015,69
01/10/2015,67
12/05/2014,25
01/23/2015,31
01/22/2015,68
01/14/2015,61
01/17/2015,67
12/29/2014,29
10/22/2014,68
12/30/2014,29
11/26/2014,29
11/28/2014,29
11/28/2014,29
12/12/2014,26
11/22/2014,26
01/24/2015,24
12/11/2014,23
12/23/2014,23
12/23/2014,23
12/23/2014,23
01/20/2015,47
01/23/2015,67
02/10/2015,23
01/30/2015,25
01/30/2015,15
01/21/2015,6
01/21/2015,4
02/11/2015,25
01/30/2015,71
01/25/2015,17
02/14/2015,67
02/11/2015,44
02/05/2015,69
01/22/2015,19
01/18/2015,16
02/14/2015,68
02/17/2015,61
02/18/2015,25
03/05/2015,27
02/18/2015,25
02/23/2015,53
01/30/2015,49
01/27/2015,25
12/16/2014,73
12/18/2014,49
12/21/2014,5
02/10/2015,10
03/05/2015,28
01/21/2015,23
02/22/2015,46
12/11/2014,53
02/20/2015,24
03/07/2015,15
03/02/2015,30
02/10/2015,49
03/03/2015,19
03/02/2015,50
01/16/2015,54
01/20/2015,49
03/09/2015,49
03/03/2015,75
03/10/2015,46
02/26/2015,46
03/04/2015,51
02/26/2015,46
02/16/2015,66
03/12/2015,19
03/28/2015,67
03/14/2015,6
03/17/2015,19
03/16/2015,46
04/02/2015,23
04/02/2015,23
03/20/2015,47
03/19/2015,25
02/09/2015,46
03/26/2015,45
04/03/2015,67
03/27/2015,52
03/25/2015,49
03/16/2015,51
03/04/2015,51
02/12/2015,51
02/12/2015,51
01/23/2015,51
03/30/2015,46
04/03/2015,53
03/30/2015,46
03/23/2015,46
03/23/2015,49
02/26/2015,46
02/26/2015,46
02/23/2015,51
03/30/2015,43
03/03/2015,46
04/01/2015,69
02/26/2015,46
02/26/2015,46
02/26/2015,46
02/26/2015,46
02/09/2015,43
04/08/2015,23
04/01/2015,19
03/17/2015,23
04/13/2015,39
03/30/2015,23
03/09/2015,43
03/31/2015,27
02/25/2015,69
04/20/2015,68
04/15/2015,25
04/08/2015,42
04/05/2015,43
03/20/2015,43
04/12/2015,69
02/25/2015,69
04/21/2015,38
04/15/2015,26
04/16/2015,46
04/17/2015,35
04/18/2015,43
04/14/2015,43
04/01/2015,33
04/14/2015,46
04/14/2015,29
03/26/2015,68
03/12/2015,67
04/27/2015,11
04/21/2015,67
04/15/2015,19
03/05/2015,67
04/24/2015,10
04/16/2015,4
04/20/2015,67
04/20/2015,23
04/14/2015,67
03/25/2015,67
03/12/2015,67
04/20/2015,66
04/20/2015,66
04/20/2015,6
04/21/2015,68
04/16/2015,43
04/01/2015,68
04/06/2015,61
04/06/2015,68
04/06/2015,68
04/15/2015,67
04/19/2015,27
04/14/2015,49
03/25/2015,70
04/28/2015,67
04/23/2015,71
04/27/2015,66
04/20/2015,68
03/30/2015,67
04/02/2015,15
05/05/2015,21
04/18/2015,49
04/27/2015,45
04/28/2015,42
05/01/2015,58
04/10/2015,56
05/11/2015,68
04/30/2015,68
04/30/2015,56
05/18/2015,40
05/13/2015,48
05/05/2015,69
04/30/2015,66
05/01/2015,67
04/22/2015,48
04/25/2015,5
03/24/2015,66
02/18/2015,60
05/05/2015,21
05/02/2015,21
03/14/2015,22
05/18/2015,38
04/27/2015,26
04/16/2015,25
05/18/2015,23
04/11/2015,63
05/23/2015,69
05/22/2015,39
05/18/2015,53
04/09/2015,66
05/29/2015,44
05/28/2015,61
05/29/2015,5
05/19/2015,22
06/07/2015,25
05/28/2015,69
05/22/2015,14
05/17/2015,49
05/31/2015,46
05/23/2015,52
05/20/2015,52
06/09/2015,54
05/27/2015,46
05/14/2015,67
05/17/2015,52
05/30/2015,68
05/21/2015,53
05/07/2015,53
05/31/2015,49
05/28/2015,67
05/23/2015,61
06/14/2015,68
05/28/2015,53
05/28/2015,53
05/28/2015,53
06/01/2015,49
05/21/2015,73
06/03/2015,49
05/12/2015,5
06/20/2014,38
06/18/2015,53
04/29/2015,53
05/05/2015,49
04/06/2015,53
05/26/2015,14
06/06/2015,29
06/23/2015,25
04/30/2015,49
06/22/2015,47
06/11/2015,48
06/11/2015,44
06/04/2015,48
05/26/2015,46
05/20/2015,50
05/17/2015,49
05/18/2015,44
05/13/2015,44
04/28/2015,45
04/16/2015,49
08/26/2014,48
06/08/2015,50
06/16/2015,23
06/04/2015,23
05/21/2015,42
04/17/2015,61
04/22/2015,68
03/09/2015,42
04/10/2015,68
06/25/2015,37
06/17/2015,61
06/17/2015,42
06/07/2015,46
06/02/2015,46
06/05/2015,38
05/26/2015,26
05/01/2015,68
05/21/2015,38
06/26/2015,38
06/21/2015,67
06/13/2015,68
05/26/2015,69
05/22/2015,39
05/18/2015,23
05/18/2015,67
10/22/2014,43
06/21/2015,67
07/01/2015,73
06/10/2015,67
06/12/2015,67
06/04/2015,67
05/29/2015,66
06/03/2015,43
05/20/2015,49
05/09/2015,71
04/29/2015,71
04/20/2015,73
02/13/2015,73
03/15/2015,73
03/24/2015,71
06/29/2015,66
06/23/2015,67
06/24/2015,71
06/24/2015,71
06/24/2015,71
06/09/2015,66
05/12/2015,49
03/31/2015,71
07/06/2015,71
06/29/2015,71
06/29/2015,71
06/29/2015,67
06/30/2015,7
06/18/2015,67
06/03/2015,44
05/14/2015,71
05/14/2015,25
06/23/2015,69
05/29/2015,67
05/11/2015,26
07/01/2015,66
05/29/2015,53
05/11/2015,53
07/12/2015,75
06/30/2015,22
06/24/2015,53
05/21/2015,69
05/18/2015,69
05/08/2015,53
07/07/2015,58
06/23/2015,46
06/27/2015,69
06/29/2015,50
06/03/2015,68
05/29/2015,25
05/12/2015,69
05/15/2015,67
07/09/2015,58
07/03/2015,23
06/30/2015,27
06/22/2015,1
05/22/2015,69
07/21/2015,67
07/14/2015,43
07/08/2015,69
06/24/2015,53
06/26/2015,23
06/27/2015,13
06/21/2015,73
06/23/2015,26
05/21/2015,26
07/10/2015,29
07/12/2015,53
07/13/2015,45
06/20/2015,49
05/20/2015,25
05/21/2015,56
05/01/2015,30
05/02/2015,30
03/03/2015,30
03/31/2015,30
06/22/2015,16
07/18/2015,43
07/14/2015,43
07/14/2015,46
06/30/2015,75
06/23/2015,46
06/28/2015,43
06/19/2015,46
05/28/2015,53
07/14/2015,46
06/30/2015,43
06/24/2015,25
07/20/2015,52
07/20/2015,52
07/08/2015,46
06/30/2015,52
07/01/2015,55
07/02/2015,52
06/18/2015,52
06/25/2015,52
06/01/2015,51
05/05/2015,52
07/30/2015,44
07/20/2015,46
07/14/2015,69
05/26/2015,43
05/28/2015,53
05/28/2015,53
06/04/2014,43
07/16/2015,9
07/01/2015,28
08/04/2015,61
08/13/2015,69
07/10/2015,4
08/12/2015,19
07/08/2015,25
08/11/2015,71
08/10/2015,67
08/05/2015,58
07/28/2015,67
07/23/2015,63
07/22/2015,71
07/23/2015,63
07/07/2015,71
08/14/2015,67
08/04/2015,67
07/22/2015,67
07/21/2014,66
08/06/2015,61
07/28/2015,50
07/20/2015,66
08/07/2015,66
07/23/2015,67
07/11/2015,67
08/14/2015,67
07/07/2015,52
07/14/2015,67
06/24/2015,27
05/29/2015,27
06/01/2015,25
06/04/2015,18
07/16/2015,67
07/18/2015,71
08/11/2015,49
08/01/2015,23
07/23/2015,66
07/14/2015,66
08/24/2015,46
08/20/2015,51
05/07/2015,26
05/17/2015,26
08/23/2015,53
08/10/2015,46
05/14/2015,25
08/26/2015,43
08/23/2015,43
07/29/2015,69
04/14/2015,25
08/06/2015,71
08/25/2015,69
08/26/2015,25
08/12/2015,15
07/26/2015,53
07/26/2015,53
06/29/2015,26
08/10/2015,49
08/06/2015,49
08/06/2015,49
07/22/2015,49
08/28/2015,53
08/25/2015,34
08/26/2015,69
08/23/2015,69
07/28/2015,40
04/08/2015,25
09/01/2015,29
04/29/2015,42
08/24/2015,68
08/07/2015,61
08/07/2015,49
09/09/2015,69
09/08/2015,44
08/20/2015,23
08/23/2015,25
08/13/2015,37
09/09/2015,42
08/20/2015,52
08/18/2015,71
07/11/2015,71
09/08/2015,68
09/05/2015,25
08/26/2015,67
09/25/2015,67
09/21/2015,63
08/11/2015,71
09/21/2015,49
09/21/2015,49
09/11/2015,67
10/02/2015,68
09/09/2015,66
09/02/2015,63
08/26/2015,66
10/05/2015,46
10/01/2015,67
10/01/2015,67
09/26/2015,53
08/14/2015,73
08/14/2015,49
09/09/2015,66
09/09/2015,67
07/14/2015,49
09/19/2015,49
08/24/2015,49
07/13/2015,49
09/10/2015,50
08/27/2015,51
09/23/2015,29
09/18/2015,68
07/24/2015,29
10/02/2015,53
09/28/2015,50
09/29/2015,50
09/29/2015,50
09/11/2015,53
08/25/2015,53
08/11/2015,49
08/11/2015,49
08/12/2015,49
09/30/2015,40
10/05/2015,43
09/02/2015,69
09/18/2015,43
09/09/2015,55
08/20/2015,46
10/13/2015,61
10/01/2015,66
09/24/2015,43
09/16/2015,46
09/03/2015,45
09/01/2015,43
08/10/2015,46
10/13/2015,52
10/14/2015,67
10/07/2015,52
09/02/2015,52
09/03/2015,52
07/23/2015,52
10/15/2015,23
10/03/2015,52
09/24/2015,71
09/18/2015,43
08/10/2015,46
10/01/2015,46
10/02/2015,43
08/18/2015,67
08/21/2015,69
08/21/2015,42
10/13/2015,61
09/29/2015,43
08/26/2015,43
10/07/2015,66
09/24/2015,68
10/21/2015,42
10/29/2015,67
10/29/2015,67
10/29/2015,67
10/29/2015,67
10/11/2015,68
09/25/2015,69
09/13/2015,69
09/14/2015,44
08/11/2015,67
10/29/2015,68
10/07/2015,53
10/09/2015,51
09/29/2015,71
09/21/2015,46
09/24/2015,69
09/18/2015,68
08/28/2015,67
07/21/2015,53
10/19/2015,53
09/27/2015,53
10/06/2015,53
09/14/2015,67
09/15/2015,53
11/17/2015,43
11/16/2015,52
10/13/2015,53
09/25/2015,49
09/28/2015,75
11/16/2015,69
11/04/2015,15
10/27/2015,75
11/12/2015,44
10/29/2015,67
10/29/2015,67
10/06/2015,26
11/21/2015,68
11/13/2015,67
11/10/2015,67
10/27/2015,55
10/20/2015,45
09/28/2015,22
09/15/2015,49
10/25/2015,71
09/15/2015,49
10/05/2015,26
05/27/2015,23
11/13/2015,45
09/17/2015,43
09/30/2015,71
11/10/2015,43
11/06/2015,58
09/24/2015,71
07/15/2015,57
10/31/2015,46
10/15/2015,46
11/08/2015,67
11/10/2015,22
11/12/2015,73
10/29/2015,67
12/07/2015,71
12/04/2015,67
10/28/2015,51
10/21/2015,49
10/21/2015,46
12/09/2015,67
11/24/2015,67
10/30/2015,71
11/17/2015,67
11/02/2015,67
10/27/2015,67
12/09/2015,67
12/09/2015,67
12/09/2015,67
12/04/2015,49
11/21/2015,49
11/16/2015,49
11/05/2015,73
08/13/2015,67
11/27/2015,66
11/11/2015,37
11/27/2015,28
11/12/2015,56
10/27/2015,50
09/03/2015,23
11/29/2015,60
11/20/2015,19
11/11/2015,42
11/16/2015,25
08/17/2015,23
08/19/2015,25
07/27/2015,29
05/22/2015,23
12/03/2015,49
12/03/2015,49
10/30/2015,49
10/30/2015,49
08/19/2015,53
12/05/2015,29
11/29/2015,28
11/22/2015,23
08/18/2015,26
04/29/2015,29
11/26/2015,61
12/23/2015,23
12/19/2015,38
09/04/2015,23
06/08/2015,23
10/14/2015,46
08/11/2015,55
12/16/2015,67
12/21/2015,2
11/20/2015,25
08/28/2015,25
12/03/2015,52
11/25/2015,44
11/12/2015,52
11/12/2015,26
11/14/2015,26
11/16/2015,26
10/28/2015,52
09/27/2015,26
10/02/2015,25
10/14/2015,52
08/17/2015,55
08/19/2015,55
12/17/2015,7
12/13/2015,68
11/23/2015,68
11/30/2015,53
12/01/2015,44
12/21/2015,26
12/31/2015,67
12/10/2015,67
12/03/2015,66
12/13/2015,66
11/05/2015,53
12/26/2015,53
12/16/2015,52
11/28/2015,75
06/03/2015,58
12/23/2015,42
12/16/2015,26
12/15/2015,52
10/27/2015,50
12/26/2015,14
08/11/2015,6
12/14/2015,15
11/12/2015,24
12/10/2015,61
03/28/2011,67
08/10/2015,46
09/18/2015,42
06/23/2015,68
03/20/2015,67
06/15/2015,17
08/18/2013,75
09/27/2013,29
10/22/2013,42
07/01/2014,75
09/06/2011,25
11/01/2011,23
05/30/2012,70
06/28/2012,49
06/28/2013,69
07/09/2013,49
07/09/2013,49
10/14/2015,70
11/20/2015,44
12/01/2015,43
10/27/2015,50
11/24/2015,48
12/16/2015,42
12/21/2015,69
12/23/2015,71
11/17/2015,26
11/24/2015,25
12/24/2015,49
12/26/2015,25
05/19/2015,27
11/10/2015,50
11/10/2015,50
08/18/2015,22
08/17/2015,24
12/22/2015,49
08/12/2015,19
05/06/2015,22
07/23/2015,22
08/12/2015,17
11/15/2015,16
10/07/2015,23
06/09/2015,15
08/12/2015,15
09/28/2015,10
01/20/2015,74
07/12/2015,16
08/06/2015,12
