GEOG,2000_POP,2010_POP,POP_CHANGE,TOT_POP,UND19,A20_34,A35_49,A50_64,A65_79,OV80,MED_AGE,WHITE,HISP,BLACK,ASIAN,OTHER,POP_HH,POP_16OV,IN_LBFRC,EMP,UNEMP,NOT_IN_LBFRC,WORK_AT_HOME,TOT_COMM,DROVE_AL,CARPOOL,TRANSIT,WALK_BIKE,COMM_OTHER,POP_25OV,HS,BACH,INC_LT_25K,INC_25_50K,INC_50_75K,INC_75_100K,INC_100_150K,INC_GT_150,MEDINC,TOT_HH,OWN_OCC_HU,RENT_OCC_HU,VAC_HU,HU_TOT,HU_SNG_DET,HU_SNG_ATT,HU_2UN,HU_3_4UN,HU_GT_5UN,MED_ROOMS,HA_AFT2000,HA_70_00,HA_40_70,HA_BEF1940,MED_HA,BR_0_1,BR_2,BR_3,BR_4,BR_5,HV_LT_150K,HV_150_300K,HV_300_500K,HV_GT_500K,MED_HV,TOT_EMP_RES,RES_NAICS1_TYPE,RES_NAICS2_TYPE,RES_NAICS3_TYPE,RES_NAICS4_TYPE,RES_NAICS5_TYPE,RES_NAICS1_COUNT,RES_NAICS2_COUNT,RES_NAICS3_COUNT,RES_NAICS4_COUNT,RES_NAICS5_COUNT,TOT_EMP_WORK,WORK_NAICS1_TYPE,WORK_NAICS2_TYPE,WORK_NAICS3_TYPE,WORK_NAICS4_TYPE,WORK_NAICS5_TYPE,WORK_NAICS1_COUNT,WORK_NAICS2_COUNT,WORK_NAICS3_COUNT,WORK_NAICS4_COUNT,WORK_NAICS5_COUNT,RES_CITY1_TYPE,RES_CITY2_TYPE,RES_CITY3_TYPE,RES_CITY4_TYPE,RES_CITY5_TYPE,RES_CITY1_COUNT,RES_CITY2_COUNT,RES_CITY3_COUNT,RES_CITY4_COUNT,RES_CITY5_COUNT,WORK_CITY1_TYPE,WORK_CITY2_TYPE,WORK_CITY3_TYPE,WORK_CITY4_TYPE,WORK_CITY5_TYPE,WORK_CITY1_COUNT,WORK_CITY2_COUNT,WORK_CITY3_COUNT,WORK_CITY4_COUNT,WORK_CITY5_COUNT,MedIncFam_Hcost,MedIncFam_Tcost,MedIncFam_HTcost,Ret_Hcost,Ret_Tcost,Ret_HTcost,SPFam_Hcost,SPFam_Tcost,SPFam_HTcost,ModIncFam_Hcost,ModIncFam_Tcost,ModIncFam_HTcost,IDES_EMP,EMP_CHANGE,PCT_CHANGE,AVG_VMT,RET_SALES,RES_EAV,CMRCL_EAV,IND_EAV,RAIL_EAV,FARM_EAV,MIN_EAV,TOT_EAV,WALKSCORE,OPEN_SPACE_PER_1000,TOT_ACRES,SF,Sfperc,MF,Mfperc,MIX,MIXperc,COMM,COMMperc,INST,INSTperc,IND,INDperc,TRANS,TRANSperc,AG,Agperc,OPEN,OPENperc,VACANT,VACperc
Albany Park,57655,51542,-6113,52079,13550,13719,11806,8412,3257,1335,33.77074977,15349,25003,2215,8223,1289,50477,41421,29624,26868,2703,11797,1260,25079,12398,2519,8366,1607,189,34545,26212,10482,3993,3997,3056,1912,1936,1579,51968.84984,16473,6405,10068,1718,18191,3500,164,3570,3643,7290,5.377509587,754,1552,3448,12437,-9999,4459,7331,4826,1234,341,1012,2950,1768,656,260401.6478,17570,Health Care,Accommodation and Food Service,Retail Trade,Education,Professional,2459,1929,1769,1536,1528,4876,Health Care,Retail Trade,Manufacturing,Information,Accommodation and Food Service,1046,918,594,369,353,Outside of Chicago,The Loop,Near North Side,Near West Side,Albany Park,7238,2741,1370,806,462,Outside of Chicago,Albany Park,Irving Park,West Ridge,Portage Park,2064,462,172,151,147,,,,,,,,,,,,,,,,12281,,,,,,,,,,0.539621047,1229.160488,302.8772592,0.246409856,295.5282393,0.240430963,34.52091519,0.028084954,75.0401623,0.06104993,53.80426522,0.043773182,20.18811455,0.016424311,413.6236539,0.336509071,n/a,n/a,28.1029245,0.022863511,5.474953959,0.004454222
Archer Heights,12644,13393,749,13266,4205,2948,2830,1924,947,411,31.9913242,2572,10109,114,388,82,13256,9898,6594,5808,786,3304,69,5522,3353,900,899,335,35,7944,5407,888,890,1238,854,317,425,114,43393.53612,3839,2140,1700,407,4247,1951,57,1044,958,201,5.596749226,11,833,2098,1304,-9999,357,1455,1806,402,227,534,1482,87,30,177566.9643,4612,Manufacturing,Administration,Health Care,Accommodation and Food Service,Retail Trade,672,517,483,478,466,9392,Manufacturing,Transportation,Administration,Wholesale Trade,Retail Trade,3063,2003,1216,824,699,Outside of Chicago,The Loop,Near West Side,Near North Side,Archer Heights,1810,660,258,244,232,Outside of Chicago,South Lawndale,Brighton Park,West Lawn,Archer Heights,5031,295,268,251,232,,,,,,,,,,,,,,,,15621,,,,,,,,,,1.131097961,1283.804076,168.5504569,0.13128986,68.80594191,0.05359536,18.17661924,0.014158406,52.72312355,0.041067889,37.96304059,0.029570743,333.6055192,0.259857034,555.8869363,0.432999822,n/a,n/a,15.00514554,0.011688034,33.08729291,0.025772852
Armour Square,12032,13391,1359,14068,3029,3004,2500,2806,1815,915,41.95464481,1545,438,1348,10324,413,14058,11880,6997,5919,1078,4883,188,5661,2250,1082,1113,1122,94,10115,6636,2150,2660,1147,646,263,383,121,24336.46113,5221,1858,3362,498,5717,441,753,751,1160,2599,4.854785479,874,1945,908,1991,-9999,1358,1877,2040,285,158,226,829,641,163,275865.3846,4713,Accommodation and Food Service,Health Care,Retail Trade,Manufacturing,Administration,880,656,416,386,385,4909,Accommodation and Food Service,Arts and Entertainment,Administration,Health Care,Retail Trade,1397,750,651,583,366,Outside of Chicago,The Loop,Armour Square,Near North Side,Near West Side,1511,874,589,280,259,Outside of Chicago,Bridgeport,Armour Square,Brighton Park,McKinley Park,1314,655,589,236,225,,,,,,,,,,,,,,,,8150,,,,,,,,,,1.067613478,637.4241471,56.11815354,0.088038951,79.23643807,0.124307243,9.858423032,0.015466033,89.51277156,0.1404289,11.24928064,0.01764803,18.03499949,0.028293562,343.6325199,0.539095548,n/a,n/a,15.01918641,0.023562312,14.76237447,0.023159421
Ashburn,39584,41081,1497,42752,12506,8188,8951,8557,3401,1149,36.16439024,5555,15455,20817,284,641,42132,32943,21985,19004,2981,10958,263,18028,12824,2320,2602,181,101,26767,22201,5359,2138,2888,2484,2083,2307,923,63573.16227,12823,10850,1973,658,13481,11826,50,316,472,809,6.526369168,291,2340,10112,738,-9999,397,2221,7452,2548,863,4643,5811,319,60,159074.3782,15903,Health Care,Education,Public Administration,Retail Trade,Manufacturing,2174,2048,1736,1460,1311,5064,Retail Trade,Health Care,Utilities,Accommodation and Food Service,Administration,1107,862,776,353,336,Outside of Chicago,The Loop,Near West Side,Near North Side,Ashburn,6439,3723,957,826,254,Outside of Chicago,Ashburn,Auburn Gresham,Chicago Lawn,South Shore,2686,254,165,155,92,,,,,,,,,,,,,,,,18740,,,,,,,,,,6.078466822,3109.741438,1267.654974,0.407639992,41.0147385,0.013189115,9.861780477,0.003171254,132.2606009,0.04253106,182.6937832,0.058748866,103.8056305,0.033380791,1071.498311,0.344561865,n/a,n/a,259.8666136,0.083565344,41.08500641,0.013211711
Auburn Gresham,55928,48743,-7185,45842,12050,8948,7776,9624,5420,2024,39.13457657,231,689,44402,117,403,45727,36609,20187,14910,5234,16422,568,14122,8150,999,4601,237,135,30659,25304,4273,7455,4475,2839,1103,972,306,29388.71473,17150,7498,9652,3285,20435,8335,372,4132,3666,3874,5.811174391,629,1630,9140,9036,-9999,3672,7045,6608,2139,971,4512,2768,196,22,130475.9468,14393,Health Care,Education,Retail Trade,Administration,Transportation,2954,1643,1482,1381,1172,2502,Retail Trade,Accommodation and Food Service,Transportation,Health Care,Education,565,338,274,228,194,Outside of Chicago,The Loop,Near West Side,Near North Side,Hyde Park,4881,2855,1089,1068,291,Outside of Chicago,Auburn Gresham,Greater Grand Crossing,South Shore,Chatham,952,217,79,79,77,,,,,,,,,,,,,,,,10796,,,,,,,,,,1.294533344,2411.968642,800.1402725,0.331737428,319.4367425,0.132438182,22.1472367,0.009182224,90.51849484,0.037528885,109.0889485,0.045228179,54.89306421,0.022758614,834.3641343,0.345926609,n/a,n/a,59.34399755,0.024603967,122.0357504,0.050595911
Austin,117527,98514,-19013,97643,28457,20624,18286,18392,9571,2313,34.70022781,4353,11132,81066,467,625,96495,75296,41638,33519,8110,33658,862,31821,19122,2303,9133,755,508,61770,47647,7685,12989,8564,4773,2559,2273,879,31634.30042,32037,12670,19367,5258,37295,9937,616,11234,7074,8364,5.74796052,1243,2513,8659,24880,-9999,6788,13808,11384,3333,1982,4982,6220,1280,182,168982.0022,33030,Health Care,Retail Trade,Administration,Education,Accommodation and Food Service,6253,3731,3626,2786,2733,16657,Administration,Manufacturing,Health Care,Retail Trade,Accommodation and Food Service,4756,2401,2063,2016,898,Outside of Chicago,The Loop,Near North Side,Near West Side,Austin,15019,4968,2028,1857,1283,Outside of Chicago,Austin,Belmont Cragin,Humboldt Park,North Lawndale,8643,1283,372,344,260,,,,,,,,,,,,,,,,10556,,,,,,,,,,2.045218799,4574.247078,958.052872,0.209444933,794.1884294,0.173621673,62.31247312,0.013622455,206.1060424,0.045057916,206.2583587,0.045091215,499.2045646,0.109133712,1470.444483,0.321461534,n/a,n/a,199.7012992,0.043657742,177.9785561,0.03890882
Avalon Park,11147,10185,-962,9780,2031,1816,1636,2319,1516,462,45.02466443,52,62,9521,59,86,9775,8279,4498,3493,1005,3782,178,3192,2129,393,631,8,30,7046,6238,1556,1407,841,533,351,490,154,41351.35135,3775,2500,1274,639,4413,2652,255,332,464,711,6.26565762,382,192,1851,1989,-9999,956,957,1503,655,341,1145,1215,66,74,155442.7083,3392,Health Care,Education,Public Administration,Administration,Transportation,675,487,306,284,257,2644,Health Care,Construction,Retail Trade,Wholesale Trade,Finance,1673,251,135,102,94,The Loop,Outside of Chicago,Near North Side,Near West Side,Hyde Park,912,902,289,244,91,Outside of Chicago,South Shore,Auburn Gresham,Roseland,Austin,871,116,113,110,98,,,,,,,,,,,,,,,,14159,,,,,,,,,,2.867901223,800.1087547,304.0586079,0.380021598,27.29928454,0.034119467,2.5777557,0.003221757,44.90504583,0.056123678,43.01241951,0.053758216,12.00895279,0.015009151,313.5653522,0.391903414,n/a,n/a,28.04807396,0.035055327,24.63326225,0.030787392
Avondale,43083,39262,-3821,39721,10176,12222,8105,5728,2696,794,31.98401735,12327,24563,842,1277,712,39642,31292,21289,19621,1668,10003,766,18503,9720,2263,5343,970,207,26009,18795,6888,3414,4239,2572,1374,1194,771,44663.32378,13564,5050,8514,1596,15160,2472,445,4544,4767,2920,5.541456711,1049,921,1888,11302,-9999,2835,6944,4121,707,553,716,2332,1670,324,274928.6394,14908,Accommodation and Food Service,Retail Trade,Health Care,Manufacturing,Administration,1666,1637,1634,1377,1309,10284,Administration,Retail Trade,Manufacturing,Utilities,Construction,2759,1841,1539,991,494,Outside of Chicago,The Loop,Near North Side,Near West Side,West Town,5481,2286,1181,815,537,Outside of Chicago,Avondale,Logan Square,Belmont Cragin,Irving Park,5655,398,290,256,234,,,,,,,,,,,,,,,,16583,,,,,,,,,,0.222026112,1269.297425,161.3034353,0.127080881,312.1340129,0.245910853,34.99896212,0.027573492,100.3619822,0.079068924,27.47548954,0.021646219,130.9090439,0.103135043,478.3776366,0.3768838,n/a,n/a,8.819099177,0.006948016,14.91776287,0.011752772
Belmont Cragin,78144,78743,599,79159,25314,18056,17714,11867,4780,1428,31.97512203,11276,63355,2483,1183,862,78851,58765,40580,35575,4990,18185,643,34043,21669,4940,5320,1327,786,47993,30130,5864,5597,6563,4484,2111,2261,709,43533.84842,21726,10745,10982,2492,24219,8771,517,5917,5720,3198,5.612366648,1114,2186,8070,12849,-9999,3475,10290,6548,2401,1506,2252,7022,1321,104,204817.5966,26623,Manufacturing,Retail Trade,Health Care,Administration,Accommodation and Food Service,3960,3236,3164,2920,2634,10466,Administration,Retail Trade,Accommodation and Food Service,Manufacturing,Health Care,3491,2494,956,811,539,Outside of Chicago,The Loop,Near North Side,Near West Side,Belmont Cragin,12671,2946,1335,961,897,Outside of Chicago,Belmont Cragin,Portage Park,Logan Square,Austin,5522,897,253,227,221,,,,,,,,,,,,,,,,14137,,,,,,,,,,0.818349787,2504.577926,711.9193761,0.284247245,385.3348102,0.153852194,48.23862681,0.019260182,242.3128767,0.096747989,146.5820761,0.05852566,121.3587519,0.048454772,775.6952422,0.309710963,n/a,n/a,64.77975078,0.025864538,8.356415651,0.003336457
Beverly,21992,20034,-1958,20815,5466,2890,4360,5285,2180,634,42.67223848,11604,1414,7257,101,439,20789,16495,10947,10163,784,5548,383,9490,6891,594,1734,224,47,14237,13749,7902,689,1226,1131,1110,1418,1918,90765.76577,7492,6227,1265,486,7978,6290,60,348,224,1039,7.191414497,148,237,3738,3855,-9999,860,1417,3181,1876,644,739,2662,2207,558,283454.7347,9789,Education,Public Administration,Health Care,Professional,Retail Trade,1787,1315,1236,703,685,2947,Retail Trade,Health Care,Education,Accommodation and Food Service,Administration,441,418,395,390,314,Outside of Chicago,The Loop,Near West Side,Near North Side,Beverly,3630,3028,461,444,289,Outside of Chicago,Beverly,Morgan Park,Auburn Gresham,Mount Greenwood,1520,289,73,64,57,,,,,,,,,,,,,,,,15506,,,,,,,,,,12.37623967,2038.093742,1043.623654,0.512058711,58.80296981,0.028851946,9.86203456,0.004838852,66.06563123,0.032415404,42.68778334,0.020944956,n/a,n/a,548.8854012,0.269313128,n/a,n/a,257.6114287,0.126398224,10.55483891,0.00517878
Bridgeport,33694,31977,-1717,33878,7632,8630,6797,7283,2528,1007,36.36659811,10818,9546,951,11702,861,33840,27681,18834,16720,2114,8847,360,16069,8540,2442,3380,1478,229,23593,18631,5819,3729,3202,2089,1382,1302,816,43056.49241,12519,5609,6911,1310,13831,3873,438,3622,3694,2168,5.302083333,1674,1607,1659,8890,-9999,2043,5442,4626,1297,422,709,2751,1747,385,267322.8346,12907,Accommodation and Food Service,Health Care,Education,Retail Trade,Manufacturing,1790,1386,1178,1148,1095,4703,Manufacturing,Retail Trade,Education,Accommodation and Food Service,Wholesale Trade,1413,448,415,390,383,Outside of Chicago,The Loop,Near West Side,Near North Side,Armour Square,3960,2690,901,875,655,Outside of Chicago,Bridgeport,New City,Brighton Park,McKinley Park,1832,526,132,118,106,,,,,,,,,,,,,,,,11837,,,,,,,,,,1.406756213,1338.189154,243.5632646,0.182009594,224.911109,0.168071239,31.11269615,0.023249849,55.91002938,0.041780364,32.91951114,0.024600043,135.1449773,0.100990938,491.1837219,0.367051041,n/a,n/a,47.65808698,0.035613864,75.78575763,0.056633068
Brighton Park,44912,45368,456,44202,15143,9824,10091,6179,2139,826,30.74514793,2844,37620,677,2955,106,44106,32166,20579,17856,2721,11587,248,17136,10386,2652,3145,782,171,25686,14305,2245,3540,4726,1965,937,632,230,36077.44108,12030,5554,6476,1963,13993,3206,263,6402,3541,546,5.346905537,468,912,2675,9938,-9999,1217,6154,4998,1047,577,2249,2940,313,52,165602.8369,12260,Manufacturing,Accommodation and Food Service,Retail Trade,Administration,Health Care,2044,1429,1364,1334,1231,4427,Manufacturing,Retail Trade,Wholesale Trade,Accommodation and Food Service,Transportation,1328,779,661,357,349,Outside of Chicago,The Loop,Near North Side,Near West Side,Brighton Park,4762,1516,672,645,414,Outside of Chicago,Brighton Park,South Lawndale,Gage Park,West Lawn,2056,414,129,129,104,,,,,,,,,,,,,,,,13383,,,,,,,,,,0.183770934,1742.258738,246.0825852,0.141243421,304.0917533,0.174538802,27.38520041,0.015718217,79.46826679,0.045612207,46.85359734,0.026892445,276.7525712,0.158846998,697.3621512,0.400263254,n/a,n/a,8.12304284,0.004662363,56.13957024,0.032222292
Burnside,3294,2916,-378,2601,751,479,333,568,364,106,37.39895833,0,0,2601,0,0,2601,2074,1089,855,234,985,15,760,337,123,300,0,0,1680,1323,143,458,221,56,54,74,24,23632.07547,887,405,482,389,1276,683,12,219,174,188,5.703557312,212,143,420,501,-9999,290,276,458,235,17,287,112,6,0,116100,868,Health Care,Education,Retail Trade,Administration,Accommodation and Food Service,170,94,85,80,78,1760,Transportation,Manufacturing,Retail Trade,Health Care,Wholesale Trade,1036,404,104,88,58,Outside of Chicago,The Loop,Near North Side,Near West Side,Grand Boulevard,307,176,75,63,17,Outside of Chicago,Roseland,Auburn Gresham,Chatham,South Shore,616,82,79,65,57,,,,,,,,,,,,,,,,15618,,,,,,,,,,2.698497105,390.174082,67.20556194,0.17224507,13.89242205,0.035605702,1.649768543,0.004228288,14.60364296,0.037428532,7.372730935,0.018896004,116.3595538,0.298224713,130.6471602,0.334843256,n/a,n/a,7.018790969,0.01798887,31.42445061,0.080539564
Calumet Heights,15974,13812,-2162,13732,2760,1823,2822,3008,2279,1040,46.72941176,308,443,12835,5,141,13725,11557,6486,5392,1094,5071,108,5091,3380,369,1237,79,26,10353,9160,2841,1337,1352,912,790,711,267,49922.94521,5369,4176,1193,621,5990,4491,183,544,505,235,6.453326457,94,443,3985,1468,-9999,322,1450,3121,759,338,1972,1970,125,86,153710.9375,4533,Health Care,Education,Public Administration,Administration,Retail Trade,838,639,443,382,372,2150,Health Care,Accommodation and Food Service,Retail Trade,Administration,Other Service,1262,261,180,77,76,Outside of Chicago,The Loop,Near North Side,Near West Side,Hyde Park,1413,1161,355,324,116,Outside of Chicago,South Shore,Roseland,South Chicago,Auburn Gresham,1226,49,49,49,38,,,,,,,,,,,,,,,,15263,,,,,,,,,,1.535345368,1120.896268,436.2106484,0.38916237,49.68207769,0.044323528,3.592654225,0.003205162,35.94851314,0.032071222,30.24765505,0.02698524,10.15411592,0.009058926,463.3579473,0.413381649,n/a,n/a,21.08336259,0.018809379,70.61929386,0.063002524
Chatham,37275,31028,-6247,31392,7526,5674,5959,7323,3281,1629,41.0222331,389,287,30329,109,278,31345,25266,14979,11933,3046,10286,351,10954,5892,911,3819,224,109,21854,18894,4895,5574,3490,2134,1186,850,325,32221.74658,13560,5027,8534,2972,16533,5366,454,1580,2938,6175,5.424884259,415,1495,7717,6905,-9999,4594,5575,4653,1288,424,2710,2005,243,45,140956.5217,9993,Health Care,Education,Administration,Retail Trade,Accommodation and Food Service,2040,1271,928,915,786,3855,Retail Trade,Finance,Health Care,Accommodation and Food Service,Manufacturing,1858,627,348,328,160,Outside of Chicago,The Loop,Near North Side,Near West Side,Hyde Park,2833,2417,771,739,260,Outside of Chicago,Chatham,South Shore,Auburn Gresham,Roseland,1743,174,128,124,114,,,,,,,,,,,,,,,,11046,,,,,,,,,,1.111345233,1889.82256,527.917895,0.279347864,255.6696329,0.135287639,17.70624295,0.009369262,178.9980698,0.094716866,69.07877111,0.036553046,46.85586672,0.024793792,685.5078653,0.362736629,n/a,n/a,34.88734955,0.018460648,73.20086639,0.038734254
Chicago Lawn,61412,55628,-5784,55551,18975,12949,11042,8239,3484,862,30.39176092,1873,26377,26100,529,672,55255,40742,25571,19975,5588,15171,529,18718,11300,2703,4126,555,34,31956,22118,2733,6074,4888,2322,1272,864,285,33121.70475,15705,7021,8684,3025,18730,8045,114,4071,3609,2851,5.810556079,297,1914,10616,5903,-9999,3259,5480,6749,2126,1116,4742,2078,149,52,118931.9667,15976,Health Care,Manufacturing,Administration,Retail Trade,Accommodation and Food Service,2363,1917,1751,1718,1628,3477,Retail Trade,Health Care,Accommodation and Food Service,Finance,Transportation,1638,421,314,204,199,Outside of Chicago,The Loop,Near West Side,Near North Side,New City,6906,2082,971,896,252,Outside of Chicago,Chicago Lawn,Gage Park,Ashburn,West Lawn,1780,194,88,74,72,,,,,,,,,,,,,,,,13492,,,,,,,,,,5.552011621,2256.186074,672.6226912,0.298123767,255.7734987,0.113365427,34.14004797,0.015131752,105.4977577,0.046759334,65.37077737,0.028974019,54.71098352,0.024249322,706.7595108,0.313254088,n/a,n/a,308.4197976,0.136699628,52.89100968,0.023442663
Clearing,22331,23139,808,24962,6574,5448,5574,4068,2287,1011,36.1279338,11871,12361,140,319,271,24952,19513,13331,11966,1365,6182,159,11692,8264,1204,1838,302,84,16941,14212,2897,1708,1766,1897,1437,1277,445,60623.91681,8530,6034,2496,622,9152,5234,525,529,831,2007,5.715171408,277,2217,5767,891,-9999,971,2618,4227,926,410,1528,4130,364,0,183710.8954,10014,Public Administration,Education,Manufacturing,Health Care,Retail Trade,1202,1078,1027,973,908,3689,Manufacturing,Wholesale Trade,Construction,Professional,Real Estate,855,549,414,391,263,Outside of Chicago,The Loop,Near West Side,Near North Side,Garfield Ridge,4371,2323,433,394,227,Outside of Chicago,Clearing,Garfield Ridge,Brighton Park,Chicago Lawn,2310,223,113,68,66,,,,,,,,,,,,,,,,17022,,,,,,,,,,1.377821992,1633.26891,517.2850057,0.316717598,77.17083418,0.047249313,10.4125087,0.006375257,45.0972196,0.027611632,19.76108733,0.012099102,131.3054025,0.080394234,782.2995146,0.478977779,n/a,n/a,34.39319257,0.021057887,15.54414464,0.009517199
Douglas,26470,18238,-8232,20323,4185,6391,3617,3369,1969,792,33.49248094,2165,485,14365,2913,395,17720,17470,9591,8101,1490,7879,327,7366,3240,448,2712,897,69,13384,11560,5422,4407,1809,1480,750,445,385,29184.78261,9276,1688,7588,1267,10543,706,675,290,604,8253,3.972567445,1120,3195,4884,1344,-9999,5067,3162,1633,558,123,531,591,496,70,224835.5263,6383,Health Care,Education,Administration,Accommodation and Food Service,Retail Trade,1170,790,582,513,490,6188,Education,Health Care,Administration,Real Estate,Accommodation and Food Service,2488,921,629,615,428,The Loop,Outside of Chicago,Near North Side,Near West Side,Near South Side,1651,1620,611,560,221,Outside of Chicago,Douglas,Auburn Gresham,Lake View,South Shore,2339,156,152,144,144,,,,,,,,,,,,,,,,11547,,,,,,,,,,3.673449564,1052.858844,70.36791504,0.066835089,166.3824515,0.15802921,3.524405597,0.003347463,51.13749828,0.048570137,230.8935119,0.219301489,0.811398638,0.000770662,333.1177392,0.316393542,n/a,n/a,74.65551548,0.070907431,121.9684084,0.115844977
Dunning,42164,41932,-232,43025,9829,8925,8357,9413,4563,1938,40.61131985,28340,11448,1035,1775,427,42858,35012,23552,21824,1694,11460,224,21278,16483,1900,2115,499,281,30942,26769,7306,2972,3669,2750,2427,2479,1135,59737.31884,15432,11214,4218,1054,16486,10595,483,1230,1203,2908,5.799642618,779,3263,8229,4215,-9999,1585,6465,5767,2047,622,1443,7403,2100,245,227721.3228,19146,Health Care,Retail Trade,Manufacturing,Education,Accommodation and Food Service,2296,2039,1997,1806,1530,6714,Health Care,Education,Administration,Retail Trade,Manufacturing,1620,1069,791,738,727,Outside of Chicago,The Loop,Near North Side,Near West Side,O'Hare,9742,3027,738,668,524,Outside of Chicago,Dunning,Portage Park,Austin,Belmont Cragin,2893,485,224,208,173,,,,,,,,,,,,,,,,15422,,,,,,,,,,1.704437187,2378.213985,1011.558136,0.425343616,138.3641627,0.058179863,21.70580595,0.009126936,68.03152492,0.028606141,358.0088773,0.150536865,29.32479114,0.012330594,641.2899429,0.26965191,0.085958142,3.61E-05,73.33340998,0.030835497,36.5113759,0.015352435
East Garfield Park,20881,20567,-314,20656,6965,4909,3520,3426,1371,465,29.79446653,878,727,18854,57,140,19817,14987,7032,5604,1428,7955,274,5229,2648,204,1939,264,174,11805,9258,1500,3753,1403,741,575,289,162,21481.92771,6923,1580,5343,1488,8411,967,330,2104,2467,2540,5.546239837,670,991,1134,5616,-9999,1880,2389,2982,879,282,666,752,143,15,174596.7742,6873,Health Care,Administration,Retail Trade,Education,Accommodation and Food Service,1279,813,775,700,586,3248,Health Care,Professional,Administration,Construction,Manufacturing,1155,533,379,276,169,Outside of Chicago,The Loop,Near West Side,Near North Side,West Town,2588,1113,555,431,184,Outside of Chicago,Austin,Lake View,West Town,East Garfield Park,1380,108,85,75,74,,,,,,,,,,,,,,,,7995,,,,,,,,,,8.861892314,1236.988524,58.8350693,0.047563149,208.1052652,0.168235405,9.221605528,0.007454884,38.66357761,0.031256214,82.52456646,0.066714092,74.81390382,0.060480677,412.4637664,0.33344187,n/a,n/a,183.0512476,0.147981363,169.3095216,0.136872346
East Side,23653,23042,-611,23784,8281,4822,4721,3854,1389,717,31.1043798,4040,18968,684,28,64,23774,17273,11267,9330,1912,6007,57,9107,6458,1185,1115,349,0,13800,9685,1699,1704,2124,1157,903,661,252,43421.05263,6802,4564,2238,935,7737,4804,226,1634,870,183,6.045333333,59,485,3915,3277,-9999,369,2373,3645,1019,331,3265,1214,69,10,119199.7852,7270,Manufacturing,Health Care,Education,Accommodation and Food Service,Retail Trade,1108,822,718,686,672,1417,Administration,Transportation,Retail Trade,Accommodation and Food Service,Construction,279,260,197,155,123,Outside of Chicago,The Loop,Near North Side,Near West Side,East Side,3294,1235,358,311,199,Outside of Chicago,East Side,Hegewisch,South Chicago,South Deering,810,199,44,30,23,,,,,,,,,,,,,,,,18054,,,,,,,,,,8.81794326,1908.480789,465.4091111,0.24386366,80.89510598,0.042387173,11.95156023,0.006262342,58.42465405,0.030613174,99.84503438,0.0523165,112.3958631,0.058892845,739.7226814,0.387597657,n/a,n/a,209.7259625,0.109891576,130.1108161,0.068175072
Edgewater,62198,56521,-5677,54873,7999,16748,12209,10783,5179,1955,37.93443554,29912,8918,7853,6324,1866,51818,49223,34299,31487,2812,14924,1908,29202,10689,2028,13819,2171,495,42621,38951,23300,8078,6861,5059,3352,2803,2522,46173.66412,28675,10751,17924,3718,32393,1963,421,1922,2825,25234,4.304417122,1110,6273,11263,13747,-9999,17589,9853,3750,803,398,2429,4576,2265,1408,231771.1923,26025,Health Care,Professional,Education,Accommodation and Food Service,Retail Trade,3590,3105,2917,2743,2149,9299,Health Care,Accommodation and Food Service,Retail Trade,Professional,Other Service,3018,1591,1229,758,601,Outside of Chicago,The Loop,Near North Side,Near West Side,Edgewater,8552,5384,3036,1482,950,Outside of Chicago,Edgewater,West Ridge,Rogers Park,Lincoln Square,3377,950,450,374,352,,,,,,,,,,,,,,,,7649,,,,,,,,,,1.480957838,1111.664635,148.2653715,0.133372392,355.0674219,0.319401563,24.59957346,0.022128592,77.29219217,0.069528336,61.80290234,0.055594916,6.56974237,0.005909824,348.5721282,0.313558709,n/a,n/a,81.26459945,0.073101722,8.23070339,0.007403945
Edison Park,11328,11187,-141,11208,2456,2187,2658,2197,1120,588,41.38609272,9787,1060,120,164,78,11203,9135,6243,5930,312,2893,192,5630,4103,350,806,272,99,8351,7915,3870,362,874,654,729,738,1083,86299.72565,4440,3510,928,409,4848,3263,106,151,243,1085,6.139841689,200,571,2892,1185,-9999,483,1464,1765,856,279,232,1246,1536,469,329606.7416,5978,Public Administration,Education,Health Care,Professional,Retail Trade,910,724,694,470,469,2421,Administration,Professional,Accommodation and Food Service,Health Care,Real Estate,807,380,225,190,128,Outside of Chicago,The Loop,Near North Side,Near West Side,O'Hare,2945,1435,243,172,163,Outside of Chicago,Edison Park,Norwood Park,Portage Park,Jefferson Park,1301,121,86,73,57,,,,,,,,,,,,,,,,14890,,,,,,,,,,1.805183686,726.2698244,379.0417535,0.52190211,40.01631175,0.055098409,5.992233786,0.008250699,23.77620074,0.032737421,10.74289189,0.014791874,9.081289906,0.012504017,236.621007,0.325803164,n/a,n/a,20.23249875,0.027858102,0.765636974,0.001054205
Englewood,40222,30654,-9568,26121,8266,6184,3902,4593,2234,942,31.39224626,199,682,24810,76,354,25992,19540,9960,6371,3583,9580,332,5800,2788,360,2435,163,54,15575,11569,972,5320,2267,850,362,231,73,19853.7844,9103,2500,6603,5177,14280,3327,376,4988,2167,3374,5.706896552,600,2079,4206,7395,-9999,2520,4878,4734,1508,640,1841,584,57,15,96556.88623,7205,Health Care,Retail Trade,Administration,Accommodation and Food Service,Education,1506,894,873,689,588,1713,Health Care,Retail Trade,Education,Other Service,Accommodation and Food Service,942,294,165,81,46,Outside of Chicago,The Loop,Near West Side,Near North Side,Hyde Park,2798,1042,485,463,106,Outside of Chicago,Englewood,Auburn Gresham,West Englewood,South Shore,625,100,80,48,48,,,,,,,,,,,,,,,,7668,,,,,,,,,,1.671025965,1966.306763,237.9332692,0.121005162,305.8259428,0.15553318,13.53014058,0.006880992,38.24085596,0.019448062,169.9385677,0.086425257,13.49783213,0.006864561,720.5653543,0.366456225,n/a,n/a,43.64886924,0.022198403,423.1259312,0.215188158
Forest Glen,18165,18508,343,18459,5030,2290,3842,4054,2164,1079,42.56931818,13258,2205,177,2475,344,18425,14063,9449,8875,574,4614,364,8336,6162,676,1220,191,87,12709,12016,7441,734,971,884,695,1426,1957,101558.6035,6665,5958,709,498,7165,5858,304,254,290,459,6.846906566,315,711,4567,1571,-9999,350,1483,3686,1262,383,312,927,2926,1765,409600.9036,8720,Health Care,Education,Public Administration,Professional,Retail Trade,1169,1091,922,827,707,4498,Health Care,Professional,Wholesale Trade,Retail Trade,Finance,1722,589,343,304,237,Outside of Chicago,The Loop,Near North Side,Near West Side,Forest Glen,3464,2207,542,387,239,Outside of Chicago,Forest Glen,West Ridge,Portage Park,Norwood Park,2573,239,126,110,86,,,,,,,,,,,,,,,,17034,,,,,,,,,,25.53945057,2046.163795,822.3349002,0.401891042,33.14679539,0.016199483,6.030397212,0.002947172,47.55156325,0.023239373,42.83604649,0.020934808,10.39096141,0.005078265,605.4751519,0.29590747,n/a,n/a,471.4327181,0.230398328,6.965260763,0.003404058
Fuller Park,3420,2876,-544,2543,568,473,411,535,457,99,43.6575,70,181,2273,16,3,2534,2074,1042,718,324,1032,42,683,361,64,206,50,2,1775,1337,205,623,219,84,75,71,15,20092.59259,1086,385,706,436,1526,303,69,442,216,482,5.353246753,61,217,580,669,-9999,476,431,462,95,63,318,36,14,14,93888.88889,877,Health Care,Administration,Retail Trade,Accommodation and Food Service,Education,173,91,89,88,70,1425,Manufacturing,Wholesale Trade,Retail Trade,Health Care,Accommodation and Food Service,521,240,237,176,128,Outside of Chicago,The Loop,Near North Side,Near West Side,Hyde Park,276,148,67,66,22,Outside of Chicago,Auburn Gresham,West Englewood,Chicago Lawn,Austin,629,42,36,36,34,,,,,,,,,,,,,,,,7070,,,,,,,,,,4.425357013,457.2246308,27.78755718,0.06077441,27.83046104,0.060868245,3.915838232,0.008564364,16.70779975,0.036541775,20.0906594,0.043940457,34.17512093,0.074744707,262.7924242,0.574755616,n/a,n/a,11.25368288,0.024613029,52.67108712,0.115197397
Gage Park,39193,39894,701,41202,14775,9635,9283,4848,2192,469,28.90824588,1460,38009,1342,350,41,41148,29261,19821,16664,3157,9440,292,15778,8613,3495,3064,584,22,23261,12910,1355,2865,3416,1844,933,554,130,38582.31707,9742,5415,4327,933,10675,5125,91,2562,2167,730,5.7003386,99,1148,4563,4865,-9999,1250,3735,3799,1143,748,3267,2015,105,17,126691.4191,10538,Manufacturing,Administration,Health Care,Accommodation and Food Service,Retail Trade,1773,1317,1112,1107,1078,4233,Administration,Wholesale Trade,Retail Trade,Accommodation and Food Service,Other Service,1185,1154,654,294,216,Outside of Chicago,The Loop,Near North Side,Near West Side,West Town,4643,1187,575,534,250,Outside of Chicago,Gage Park,Chicago Lawn,New City,Ashburn,1959,246,145,104,101,,,,,,,,,,,,,,,,16901,,,,,,,,,,0.621316793,1406.90761,408.1234035,0.290085433,155.7799188,0.110725052,18.57284357,0.013201182,63.74817877,0.045310849,96.28750946,0.068439113,135.3451927,0.096200484,482.2241373,0.342754659,n/a,n/a,25.59949451,0.018195576,21.22693112,0.015087651
Garfield Ridge,36101,34513,-1588,35570,9027,6779,7628,6879,3605,1652,38.62508411,16837,16581,1462,417,273,35325,28575,18312,16225,2087,10263,175,15500,11828,1451,1864,338,19,24333,19754,5150,2143,2858,2137,1545,2131,1202,60851.41903,12016,9730,2308,608,12646,10266,189,620,693,822,5.930542563,348,2029,9125,1144,-9999,804,2547,6693,1828,774,2132,6471,1004,101,199981.1605,15179,Public Administration,Manufacturing,Education,Health Care,Retail Trade,1722,1706,1609,1462,1374,11927,Transportation,Administration,Retail Trade,Accommodation and Food Service,Manufacturing,5031,1219,1083,1025,722,Outside of Chicago,The Loop,Near West Side,Near North Side,Garfield Ridge,6569,3437,723,720,604,Outside of Chicago,Garfield Ridge,Clearing,Austin,Ashburn,6984,604,227,178,169,,,,,,,,,,,,,,,,17432,,,,,,,,,,1.242262797,2706.399862,1032.127624,0.381365532,95.91036003,0.035438355,15.27734459,0.005644896,100.9106565,0.037285938,55.41493921,0.020475518,114.2368706,0.042209901,1206.513278,0.445800081,n/a,n/a,44.18728768,0.016326962,41.82150094,0.015452817
Grand Boulevard,28006,21929,-6077,22373,6243,4302,5129,3606,2293,800,36.85011772,719,574,20274,117,689,22085,17406,10355,8132,2223,7051,289,7623,4255,497,2493,295,83,14539,12218,3940,4385,1923,1327,779,683,600,30260.20408,9697,2476,7355,2379,12210,1083,700,668,3193,6546,5.107079958,2973,2549,2415,4273,-9999,3408,3351,3667,1310,474,771,1183,418,104,211333.3333,7696,Health Care,Education,Administration,Retail Trade,Accommodation and Food Service,1473,1003,737,709,602,4128,Education,Health Care,Management,Retail Trade,Accommodation and Food Service,1594,1001,393,225,203,Outside of Chicago,The Loop,Near North Side,Near West Side,Hyde Park,1994,1825,681,588,231,Outside of Chicago,South Shore,Grand Boulevard,Roseland,Chatham,1465,136,134,130,127,,,,,,,,,,,,,,,,9140,,,,,,,,,,1.006069665,1113.23469,62.3469595,0.056005225,255.1584716,0.229204564,7.311707538,0.006567984,42.3507279,0.038042947,112.6449431,0.101187058,8.173339553,0.007341973,378.1351924,0.339672484,n/a,n/a,22.50879661,0.020219273,224.6045517,0.201758491
Greater Grand Crossing,38619,32602,-6017,32346,9327,6621,5992,6408,2619,1379,35.66899272,466,358,31077,4,441,31805,24933,14274,10714,3560,10659,429,9798,4976,775,3732,265,50,20423,17386,3150,5748,2770,1758,836,569,278,26515.05236,11959,3929,8030,3683,15642,4302,213,4441,2605,4050,5.613095238,309,1223,5289,8821,-9999,3156,5812,4638,1554,482,2326,1485,69,40,124572.3173,9094,Health Care,Education,Administration,Retail Trade,Accommodation and Food Service,2002,981,918,891,835,3407,Education,Health Care,Accommodation and Food Service,Retail Trade,Wholesale Trade,797,752,322,319,297,Outside of Chicago,The Loop,Near North Side,Near West Side,Hyde Park,2894,1760,702,646,229,Outside of Chicago,South Shore,Greater Grand Crossing,Chatham,Auburn Gresham,1195,150,148,133,119,,,,,,,,,,,,,,,,10175,,,,,,,,,,1.075388931,2269.356472,375.5309915,0.165479067,327.6659895,0.144387184,21.2105906,0.009346522,81.69968422,0.036001256,255.3135631,0.11250483,41.08107122,0.01810252,992.3470063,0.437281237,n/a,n/a,34.78453036,0.015327927,139.7230453,0.061569457
Hegewisch,9781,9426,-355,8985,2199,1910,1349,2218,1034,275,39.34549654,4087,4267,566,0,65,8969,7190,4406,4007,399,2783,3,3982,2903,332,639,108,0,6330,5533,1224,950,817,512,487,491,291,50337.83784,3547,2516,1031,378,3925,2507,18,770,259,164,5.772294372,246,694,1587,1399,-9999,416,1059,1747,541,162,1519,919,56,10,134204.2755,3617,Manufacturing,Public Administration,Education,Health Care,Retail Trade,433,395,391,382,308,2354,Manufacturing,Wholesale Trade,Retail Trade,Accommodation and Food Service,Finance,1118,464,261,122,91,Outside of Chicago,The Loop,Near North Side,Near West Side,Hegewisch,1646,828,136,124,104,Outside of Chicago,East Side,Hegewisch,South Deering,Auburn Gresham,1517,190,104,55,36,,,,,,,,,,,,,,,,15989,,,,,,,,,,64.52921467,3350.912518,374.4685393,0.111751213,34.06545333,0.010166023,6.81290548,0.002033149,48.01465851,0.014328831,17.41745767,0.005197825,301.3562005,0.089932578,1562.028084,0.466150064,n/a,n/a,579.7949938,0.173026001,426.9542249,0.127414316
Hermosa,26908,25010,-1898,25489,7913,6230,4987,4214,1675,470,31.40017875,1880,22491,379,355,384,25480,19020,13254,11975,1279,5766,319,11507,7096,1391,2142,654,224,15446,8927,1721,2017,2269,1255,756,580,222,39156.92008,7099,2883,4216,752,7851,2246,60,2486,2115,937,5.750772201,65,519,1964,5303,-9999,1109,3050,2557,741,394,559,1859,435,30,212533.4225,7919,Manufacturing,Retail Trade,Health Care,Administration,Accommodation and Food Service,1125,963,962,908,796,3564,Manufacturing,Retail Trade,Health Care,Construction,Wholesale Trade,2582,224,155,108,107,Outside of Chicago,The Loop,Near North Side,Near West Side,West Town,3251,870,430,345,312,Outside of Chicago,Belmont Cragin,Hermosa,Logan Square,Austin,1645,248,192,118,105,,,,,,,,,,,,,,,,13257,,,,,,,,,,0.609156139,748.4402995,166.9863199,0.223112411,146.3300895,0.195513376,14.40879035,0.019251756,26.35219029,0.035209475,19.07340295,0.025484201,111.6491667,0.149175782,245.5507034,0.32808322,n/a,n/a,15.52678082,0.020745517,2.562855695,0.003424262
Humboldt Park,65836,56323,-9513,55011,17991,13599,10691,8278,3546,906,30.21067245,2958,28612,22481,271,689,54647,40497,24206,19993,4213,16291,499,19116,10104,2323,4846,1068,775,32114,22183,4092,6661,4471,2323,1668,906,490,32073.02474,16519,5983,10536,3124,19643,4158,236,6552,5454,3225,5.637489592,908,1561,3348,13826,-9999,3364,7342,6509,1671,757,2471,2685,642,180,166840.052,17232,Health Care,Administration,Retail Trade,Manufacturing,Accommodation and Food Service,2535,2134,1999,1763,1726,9169,Manufacturing,Retail Trade,Health Care,Administration,Wholesale Trade,1715,1178,992,849,791,Outside of Chicago,The Loop,Near North Side,Near West Side,West Town,6866,2211,1127,975,798,Outside of Chicago,Humboldt Park,Austin,West Town,Logan Square,3634,405,340,322,317,,,,,,,,,,,,,,,,10502,,,,,,,,,,0.336160789,2306.723522,281.8764624,0.122197767,425.7525553,0.184570258,38.52429918,0.016700874,136.1802948,0.059036245,103.1583743,0.044720736,322.0904123,0.13963113,826.4534883,0.358280254,n/a,n/a,18.49254117,0.0080168,154.1950944,0.066845937
Hyde Park,29920,25681,-4239,26893,5987,9252,4405,3847,2421,981,30.78606557,12584,1891,8047,3244,1127,23940,23506,14281,13153,1123,9225,894,11814,3313,558,3312,4437,194,16960,16398,12386,3544,2562,2498,1035,1387,1442,51231.9538,12468,4489,7979,1909,14377,745,1010,113,1246,11232,4.578604806,211,2214,3582,8370,-9999,6559,3433,2699,1314,372,1177,1498,1025,724,255480.7692,10976,Education,Health Care,Professional,Accommodation and Food Service,Retail Trade,2827,2115,774,766,750,25816,Education,Health Care,Accommodation and Food Service,Retail Trade,Real Estate,12726,9314,1130,772,460,Hyde Park,Outside of Chicago,The Loop,Near North Side,Near West Side,3046,2860,1801,686,604,Outside of Chicago,Hyde Park,Kenwood,Near North Side,Lake View,9943,3046,834,691,636,,,,,,,,,,,,,,,,8085,,,,,,,,,,10.36337156,1032.261867,98.59258681,0.095511217,177.606989,0.172056137,6.437151973,0.006235968,39.94915685,0.038700603,174.9236553,0.169456667,n/a,n/a,251.5009976,0.243640694,n/a,n/a,278.7021513,0.269991715,4.549177794,0.004407
Irving Park,58643,53359,-5284,56520,13440,15078,13404,9685,3593,1320,34.68048272,22650,26359,1271,4614,1626,56101,45072,31818,29649,2156,13254,1502,27719,15813,2557,7539,1492,318,39192,31434,13825,4031,5748,3594,2388,2707,1832,51996.77072,20300,9127,11173,2177,22477,5643,534,5063,4250,6898,5.532126277,1347,1611,4131,15388,-9999,4885,9232,5505,1966,889,1327,3829,2864,1064,276071.7069,22402,Health Care,Retail Trade,Accommodation and Food Service,Education,Professional,2820,2180,2156,2061,2057,9943,Wholesale Trade,Health Care,Retail Trade,Manufacturing,Accommodation and Food Service,1592,1581,1083,927,768,Outside of Chicago,The Loop,Near North Side,Near West Side,Irving Park,8520,3964,1830,1172,641,Outside of Chicago,Irving Park,Belmont Cragin,Portage Park,Albany Park,4115,641,416,357,285,,,,,,,,,,,,,,,,15815,,,,,,,,,,1.67419519,2057.194253,512.7908526,0.249267103,403.7483643,0.196261663,47.23189437,0.022959375,104.2002919,0.050651654,71.11763608,0.034570209,68.49553388,0.033295608,743.3061582,0.361320355,n/a,n/a,94.62551213,0.045997364,11.67801,0.005676669
Jefferson Park,25859,25448,-411,27264,5947,5557,5771,5816,3066,1107,39.78971061,17761,6218,250,2444,591,27230,22328,14915,13395,1520,7413,338,12718,8884,1460,2105,220,49,19824,17177,6085,2194,2191,1651,1285,1585,1349,60471.7484,10255,6341,3914,827,11082,5168,108,2463,1691,1652,5.716811315,448,1253,4982,4399,-9999,1581,4118,3734,1193,456,699,3092,2271,249,274960.5989,12261,Health Care,Retail Trade,Education,Manufacturing,Public Administration,1526,1250,1134,1043,966,4735,Manufacturing,Administration,Accommodation and Food Service,Wholesale Trade,Retail Trade,937,641,533,372,363,Outside of Chicago,The Loop,Near North Side,Near West Side,O'Hare,5854,2132,607,443,324,Outside of Chicago,Jefferson Park,Portage Park,Belmont Cragin,Norwood Park,2394,292,194,138,119,,,,,,,,,,,,,,,,14974,,,,,,,,,,4.897325054,1489.168086,501.384676,0.336687766,176.2492613,0.118354176,10.28476424,0.006906382,57.9102542,0.038887655,26.28780603,0.017652679,50.52450272,0.033928005,525.50311,0.352883677,n/a,n/a,133.5206703,0.089661249,7.503041115,0.005038411
Kenwood,18363,17841,-522,17601,3464,4931,3055,3365,2092,694,36.82960405,2978,667,11916,1520,520,17339,14850,9185,7812,1373,5665,564,7004,3426,261,2643,532,142,12659,11555,6843,3109,1993,1221,723,954,928,39157.6087,8928,2646,6282,1404,10332,720,737,197,688,7985,4.507702841,787,3552,2800,3193,-9999,3976,3494,1818,709,335,676,969,429,482,237676.0563,6751,Health Care,Education,Administration,Retail Trade,Accommodation and Food Service,1272,1239,554,516,486,1149,Retail Trade,Real Estate,Health Care,Education,Other Service,217,205,202,164,139,Outside of Chicago,The Loop,Hyde Park,Near North Side,Near West Side,1756,1597,834,612,484,Outside of Chicago,Kenwood,South Shore,Hyde Park,Chatham,310,71,65,43,41,,,,,,,,,,,,,,,,9199,,,,,,,,,,7.029745241,666.5200613,133.6843979,0.200570704,128.1257882,0.192230955,0.459894808,0.000689994,26.04208244,0.039071716,54.0918224,0.08115558,0.607836344,0.000911955,179.3330602,0.269058758,n/a,n/a,123.730546,0.185636642,20.444633,0.030673695
Lake View,94817,94368,-449,98212,11355,49478,19564,10429,5234,2152,31.02081955,78186,7125,3428,6748,2725,97769,87818,73436,70696,2691,14382,4956,64766,21345,3000,34419,4981,1021,74665,72892,58630,8154,8783,8787,6438,8994,11247,76854.22491,52403,18990,33413,5009,57412,3464,1558,3489,8706,40066,4.455193869,5380,11881,15540,24611,-9999,26562,18455,8679,2713,1003,1488,5349,6063,5451,364297.4979,53440,Professional,Finance,Health Care,Education,Accommodation and Food Service,10486,6045,5498,4993,4635,20517,Accommodation and Food Service,Retail Trade,Health Care,Other Service,Professional,5361,3154,2865,1567,1347,The Loop,Outside of Chicago,Near North Side,Near West Side,Lake View,16170,13822,7309,3929,2222,Outside of Chicago,Lake View,Uptown,Logan Square,Edgewater,7364,2222,753,650,636,,,,,,,,,,,,,,,,8027,,,,,,,,,,1.813180609,1994.179416,220.7097852,0.110676995,632.3573341,0.317101525,92.32956748,0.046299529,124.1097272,0.062235988,96.36721538,0.048324245,16.47427822,0.008261182,623.4411521,0.312630422,n/a,n/a,178.076094,0.08929793,10.31426203,0.005172184
Lincoln Park,64320,64116,-204,66959,11986,29457,12237,7744,4376,1159,30.08792083,53676,4418,3204,3785,1876,63227,57970,45458,43557,1901,12512,2598,40482,14849,1862,18717,3904,1150,46924,45612,38835,5179,3667,4500,3763,5631,9698,94087.1645,32438,13806,18632,3097,35535,3297,3218,1592,5328,22029,4.484038763,3142,11851,6118,14424,-9999,15475,10503,5963,2358,1236,463,2726,3678,5489,457044.8878,31426,Professional,Finance,Health Care,Education,Accommodation and Food Service,6472,3809,3301,2810,2234,28353,Health Care,Retail Trade,Accommodation and Food Service,Transportation,Other Service,7853,5337,4082,2048,1766,The Loop,Outside of Chicago,Near North Side,Near West Side,Lincoln Park,9890,8782,4060,2382,1557,Outside of Chicago,Lake View,Lincoln Park,Logan Square,West Town,11293,1612,1557,935,933,,,,,,,,,,,,,,,,8725,,,,,,,,,,4.753591793,2024.464343,307.4584037,0.151871484,372.1893661,0.183845849,63.64392149,0.031437413,249.6782506,0.123330525,105.1891788,0.051959018,47.34876725,0.023388294,532.9101396,0.263235132,n/a,n/a,318.2957529,0.157224677,27.7505628,0.013707608
Lincoln Square,44574,39493,-5081,40761,6995,13587,9891,6579,2865,844,34.74067291,26405,7184,1398,4480,1294,40151,34711,26626,24709,1917,8085,1425,22893,11223,1483,8504,1460,223,32056,28766,18676,3573,3887,3293,2231,2579,2690,62933.97626,18253,6976,11277,1348,19601,2773,487,2892,3264,10164,5.066826076,1630,1865,5976,10130,-9999,6914,6897,4184,1036,570,695,1990,2448,1747,357943.208,20199,Health Care,Professional,Education,Accommodation and Food Service,Finance,2707,2609,2212,1973,1649,8956,Health Care,Accommodation and Food Service,Retail Trade,Administration,Education,4372,993,564,475,438,Outside of Chicago,The Loop,Near North Side,Near West Side,Lincoln Square,6533,4493,2124,1176,688,Outside of Chicago,Lincoln Square,Lake View,West Ridge,Albany Park,3251,688,474,298,263,,,,,,,,,,,,,,,,10678,,,,,,,,,,2.028097159,1638.024062,224.261115,0.136909536,346.5923313,0.211591722,34.93351248,0.021326617,54.4379167,0.033233893,382.8808739,0.233745574,41.3656625,0.025253391,456.3523885,0.278599319,n/a,n/a,82.66726829,0.050467676,14.5329937,0.008872271
Logan Square,82715,72791,-9924,73702,15958,27799,16776,8204,4157,808,31.55981641,32145,34595,3438,2008,1516,73249,60313,45081,42336,2739,15233,2434,39400,19787,2324,13565,3250,474,51308,44558,24291,6344,6017,5029,3258,4124,3996,59216.40091,28768,10522,18246,3242,32010,4776,1015,6770,8595,10806,5.432383184,3006,2926,3865,22213,-9999,7417,13406,8358,1943,886,767,3476,3978,2200,340600.0839,34642,Professional,Health Care,Accommodation and Food Service,Education,Retail Trade,4126,3759,3553,3252,3063,14370,Retail Trade,Accommodation and Food Service,Health Care,Manufacturing,Administration,3085,2005,1528,1425,1404,Outside of Chicago,The Loop,Near North Side,Near West Side,West Town,11238,7010,3207,2377,1601,Outside of Chicago,Logan Square,West Town,Belmont Cragin,Avondale,5568,1342,577,495,409,,,,,,,,,,,,,,,,10946,,,,,,,,,,0.562204842,2297.005663,278.0592215,0.121052911,621.2497549,0.270460698,76.52919203,0.033316937,188.1916156,0.081929104,70.77710648,0.03081277,125.2250702,0.054516657,859.4805291,0.374174319,n/a,n/a,41.43562123,0.018038972,36.05755186,0.015697633
Lower West Side,44031,35769,-8262,34410,9429,10583,7081,4431,2215,671,30.69507796,4617,27693,1117,598,385,34285,26709,18478,16380,2098,8231,350,15649,6734,1905,5104,1695,211,21977,14264,5075,4107,3666,2096,1014,731,344,36089.74359,11958,3177,8781,1871,13829,1607,243,3410,4629,3934,4.801345756,802,1043,1608,10376,-9999,2901,6734,3278,624,292,914,1715,467,74,197996.7949,11481,Accommodation and Food Service,Manufacturing,Administration,Health Care,Education,1320,1264,1236,1217,1161,14280,Health Care,Wholesale Trade,Manufacturing,Administration,Education,2887,2403,1930,1415,1032,Outside of Chicago,The Loop,Near West Side,Near North Side,Lower West Side,3743,2023,978,912,703,Outside of Chicago,Lower West Side,South Lawndale,Brighton Park,Bridgeport,6149,703,513,305,271,,,,,,,,,,,,,,,,10396,,,,,,,,,,1.10095524,1872.14701,63.06848394,0.033687784,226.1700363,0.12080784,51.68932535,0.027609651,72.46021693,0.038704341,98.84434968,0.052797323,490.4188245,0.261955296,759.3780829,0.405618832,n/a,n/a,37.8838698,0.020235521,72.23382115,0.038583413
McKinley Park,15962,15612,-350,16336,4724,3970,3227,2864,1145,406,33.12125604,2802,9612,507,3136,279,16292,12290,8224,7088,1136,4066,163,6760,3542,1116,1817,285,0,10372,7113,2023,1435,1580,1044,497,412,198,43827.7512,5166,2883,2283,454,5620,1786,319,1958,971,562,5.644815256,479,336,1007,3798,-9999,453,2154,2344,414,255,676,1720,407,71,195712.2093,5569,Accommodation and Food Service,Manufacturing,Health Care,Retail Trade,Administration,748,624,610,538,508,5018,Administration,Retail Trade,Wholesale Trade,Manufacturing,Transportation,1710,741,722,493,317,Outside of Chicago,The Loop,Near North Side,Near West Side,Armour Square,1694,1086,394,391,225,Outside of Chicago,McKinley Park,Bridgeport,Brighton Park,New City,2535,133,129,125,109,,,,,,,,,,,,,,,,13225,,,,,,,,,,4.508300832,905.2295597,120.0451555,0.132612942,107.6872085,0.118961215,11.82104145,0.013058612,61.32096813,0.067740793,24.73009867,0.027319146,162.7896638,0.179832466,301.5514611,0.333121536,n/a,n/a,73.64760239,0.081357929,41.6363602,0.045995361
Montclare,12646,13426,780,13024,3409,2937,2708,2364,1213,393,35.88679348,3637,8114,577,615,81,12941,10191,6432,5737,696,3759,108,5373,3798,570,765,101,140,8532,6618,1316,1049,1412,605,564,610,186,43014.98127,4425,2642,1782,584,5008,2520,91,820,648,928,5.54057971,545,635,2173,1655,-9999,827,2017,1402,468,293,534,1646,418,44,208347.9789,5114,Manufacturing,Health Care,Retail Trade,Administration,Accommodation and Food Service,615,593,586,516,461,2298,Retail Trade,Health Care,Manufacturing,Accommodation and Food Service,Other Service,689,549,412,195,89,Outside of Chicago,The Loop,Near North Side,Near West Side,West Town,2595,692,270,176,127,Outside of Chicago,Belmont Cragin,Montclare,Austin,Portage Park,1264,116,109,84,74,,,,,,,,,,,,,,,,13473,,,,,,,,,,0.80278037,633.066887,249.1458435,0.393553744,66.42205589,0.104921071,5.827577207,0.00920531,55.15908079,0.087129941,28.52730642,0.045062073,19.82620833,0.031317715,193.1690767,0.305132176,n/a,n/a,10.45541153,0.016515493,4.534326683,0.007162476
Morgan Park,25226,22544,-2682,22924,5741,3857,3934,5241,2695,1457,42.66311761,6558,641,15126,54,545,22564,18423,10699,9377,1314,7724,305,8864,6713,275,1590,247,38,15652,14224,5023,1793,1676,1315,1193,1320,841,60747.01195,8139,5974,2165,868,9007,6426,462,307,546,1215,6.533657745,564,1240,4597,2607,-9999,826,2022,3798,1827,533,2063,3062,763,86,184338.8031,9155,Education,Health Care,Public Administration,Retail Trade,Administration,1398,1385,1229,765,692,3176,Health Care,Retail Trade,Accommodation and Food Service,Education,Professional,893,797,416,220,205,Outside of Chicago,The Loop,Near West Side,Near North Side,Morgan Park,3605,2600,460,385,232,Outside of Chicago,Morgan Park,Beverly,West Pullman,Mount Greenwood,1671,232,120,82,72,,,,,,,,,,,,,,,,16625,,,,,,,,,,2.987908199,2109.213554,907.7430401,0.430370381,70.63618265,0.033489346,6.631301153,0.003143969,106.7507638,0.050611643,183.0895986,0.086804676,63.01707194,0.029877047,645.8754783,0.306216256,n/a,n/a,68.49480755,0.032474098,56.97530954,0.027012585
Mount Greenwood,18820,19093,273,18783,5513,3510,4122,3516,1488,634,36.31415575,16289,1205,664,383,242,18056,14574,9475,8791,672,5099,178,8398,7170,406,615,175,32,12040,11451,4274,748,817,1078,1007,1912,895,89535.74975,6457,5621,836,559,7016,6134,38,28,179,622,6.207945376,228,1124,4994,670,-9999,403,1769,3536,979,329,745,3787,1009,80,228886.8613,9757,Public Administration,Education,Health Care,Retail Trade,Accommodation and Food Service,2123,1561,1098,670,607,2915,Education,Retail Trade,Health Care,Accommodation and Food Service,Administration,1036,514,439,257,200,Outside of Chicago,The Loop,Near North Side,Near West Side,Mount Greenwood,4303,3203,334,313,228,Outside of Chicago,Mount Greenwood,Beverly,Morgan Park,Ashburn,1894,228,94,66,44,,,,,,,,,,,,,,,,20779,,,,,,,,,,1.617153019,1735.176548,747.9272577,0.431038132,19.69116268,0.011348219,7.91974293,0.004564229,36.74414787,0.021176028,524.1491926,0.302072543,0.181815787,0.000104782,365.2657538,0.210506392,n/a,n/a,30.37498515,0.017505415,2.922489367,0.001684261
Near North Side,72811,80484,7673,85711,7721,36283,14429,14208,10183,2887,34.47304833,61334,4530,7910,9723,2214,83788,79466,58990,55273,3717,20476,4323,50102,14458,1373,14048,17115,3108,71363,69676,56374,9766,6404,7991,6819,7974,14810,84975.8029,53764,21884,31880,9769,63533,1555,1837,533,1570,58031,3.733956404,16300,24485,13919,8829,-9999,36082,18217,7620,1253,361,971,5441,6591,7094,396356.6508,43261,Professional,Finance,Health Care,Education,Accommodation and Food Service,8989,5290,4644,3645,2947,150936,Accommodation and Food Service,Professional,Retail Trade,Health Care,Other Service,28550,20814,16824,14072,12178,The Loop,Outside of Chicago,Near North Side,Near West Side,Lincoln Park,13654,12496,7480,3213,748,Outside of Chicago,Near North Side,Lake View,West Town,Lincoln Park,65776,7480,7309,5002,4060,,,,,,,,,,,,,,,,6581,,,,,,,,,,0.869382966,1754.479942,86.01537429,0.049026137,294.4461692,0.167825327,22.61736701,0.012891209,296.5091104,0.16900114,121.1155957,0.069032192,82.6972892,0.04713493,715.4540417,0.40778696,0.981433057,0.000559387,74.51568336,0.042471664,60.127878,0.034271055
Near South Side,9509,21390,11881,22401,3634,7309,5679,3605,1827,347,35.4879157,10404,1393,5382,4450,772,22195,19032,15480,14893,583,3552,937,13388,6336,1011,3893,1624,524,17356,16245,12206,2082,2036,1967,1212,2181,3011,78290.0165,12489,6025,6464,1876,14365,422,1408,54,374,12107,3.808596838,9477,2283,1107,1498,-9999,5561,6580,1824,358,42,111,2009,2252,1556,353215.6368,10920,Professional,Health Care,Education,Finance,Administration,1771,1612,1262,1124,681,14620,Arts and Entertainment,Health Care,Accommodation and Food Service,Administration,Construction,3695,3129,2710,1516,731,The Loop,Outside of Chicago,Near North Side,Near West Side,Hyde Park,3322,3015,1152,994,519,Outside of Chicago,West Town,South Shore,Austin,Near South Side,5018,276,273,272,265,,,,,,,,,,,,,,,,10237,,,,,,,,,,7.499208877,1140.882985,57.52178512,0.050418655,96.60264637,0.08467358,8.569154193,0.007510984,320.7804734,0.281168602,48.58663805,0.042586872,21.7436975,0.019058657,335.4359809,0.29401436,n/a,n/a,167.9897781,0.147245406,83.65283124,0.073322884
Near West Side,46419,54881,8462,61768,12086,26997,11762,7005,3024,894,30.43560396,25876,6186,18772,9615,1319,56877,53553,38412,34543,3844,15141,1867,32186,12573,1600,8550,8796,667,41339,37942,27244,7277,3083,3933,2955,4663,5741,72143.14845,27652,10245,17407,2885,30537,1108,2677,1577,3231,21888,3.991077932,11822,7750,2926,8039,-9999,12984,11054,4903,1273,323,635,3804,4341,1404,321444.9918,26284,Professional,Health Care,Education,Finance,Administration,4223,3608,2854,2829,1858,129742,Health Care,Finance,Education,Professional,Administration,29566,18154,16118,15180,8504,Outside of Chicago,The Loop,Near West Side,Near North Side,West Town,7947,7307,3863,2303,527,Outside of Chicago,Lake View,Near West Side,West Town,Near North Side,64980,3929,3863,3649,3213,,,,,,,,,,,,,,,,10068,,,,,,,,,,0.900940249,3638.486377,146.5042512,0.040265164,351.1633728,0.096513587,47.57509833,0.013075519,392.9418268,0.107995959,567.4873173,0.155967965,300.5062441,0.082591004,1571.425148,0.431889798,n/a,n/a,55.64927728,0.015294623,205.2338412,0.056406379
New City,51721,44377,-7344,40997,13788,9660,8114,6303,2365,767,29.65387762,5061,24961,9827,799,349,40641,30092,18738,14608,4130,11354,294,13946,7425,2296,3164,1014,47,23402,15647,1794,4648,3783,1579,917,526,256,30420.91837,11710,4502,7203,3858,15564,3565,319,6070,3985,1597,5.399762752,772,1729,3690,9372,-9999,1989,5832,5601,1496,645,2473,1686,291,55,133750,11961,Manufacturing,Health Care,Retail Trade,Administration,Accommodation and Food Service,1488,1426,1354,1309,1261,10396,Manufacturing,Retail Trade,Wholesale Trade,Transportation,Other Service,4223,1310,1077,1047,827,Outside of Chicago,The Loop,Near West Side,New City,Near North Side,4597,1618,684,661,640,Outside of Chicago,New City,Brighton Park,Chicago Lawn,Bridgeport,4378,661,397,252,245,,,,,,,,,,,,,,,,11730,,,,,,,,,,2.031939776,3090.839378,244.780284,0.079195407,330.2377456,0.106844033,31.0413489,0.010043016,162.7661751,0.052660833,87.99330195,0.028469063,702.6391415,0.227329555,1141.026401,0.369163926,n/a,n/a,83.303435,0.026951719,307.0515449,0.099342446
North Center,31895,31867,-28,34623,7493,11068,9170,4035,2023,834,33.68496726,26322,4987,674,1493,1147,34542,27681,22271,21317,943,5410,1719,19385,9861,1302,6561,1511,150,25565,23859,17419,1480,2139,2303,1910,2717,3994,92663.61257,14543,7373,7170,1676,16219,3930,470,4021,3494,4284,5.678227598,2769,1577,1753,10120,-9999,3081,6722,3959,1601,856,339,1286,2277,3305,470878.0488,16804,Professional,Health Care,Education,Finance,Accommodation and Food Service,2661,1896,1818,1751,1286,9585,Finance,Retail Trade,Accommodation and Food Service,Manufacturing,Information,1940,1052,1008,997,858,Outside of Chicago,The Loop,Near North Side,Near West Side,North Center,5009,4461,1797,1171,555,Outside of Chicago,North Center,Lake View,Lincoln Square,Logan Square,3929,555,419,306,297,,,,,,,,,,,,,,,,11868,,,,,,,,,,1.116950826,1309.783474,238.6779324,0.182227015,303.3328493,0.231590072,46.82747115,0.035752071,73.45385682,0.056080916,76.23412486,0.058203609,87.00025744,0.066423389,437.1404076,0.333750132,n/a,n/a,38.67218846,0.029525635,8.444386415,0.006447162
North Lawndale,41768,35912,-5856,35276,12408,8324,5653,5820,2120,951,28.5875,811,2470,31397,99,499,34401,25141,12336,9450,2886,12805,448,8725,4347,805,2913,342,318,19565,14403,2134,5951,2436,1315,634,427,106,22383.48531,10869,2687,8182,3774,14643,1729,384,4055,4891,3565,5.594815668,1443,1079,1662,10459,-9999,1777,4892,6175,1463,336,1473,1021,146,47,135284.0909,10610,Health Care,Administration,Retail Trade,Education,Accommodation and Food Service,2120,1332,1223,983,913,5771,Manufacturing,Health Care,Retail Trade,Education,Wholesale Trade,1281,1048,764,684,566,Outside of Chicago,The Loop,Near West Side,Near North Side,North Lawndale,4062,1490,797,706,270,Outside of Chicago,North Lawndale,South Lawndale,Austin,West Town,2573,270,234,221,101,,,,,,,,,,,,,,,,8495,,,,,,,,,,4.859889409,2054.348526,112.5788429,0.054800265,353.5450887,0.172095963,20.74211119,0.010096686,72.11596276,0.035104055,126.7695824,0.061707924,227.8500305,0.110911088,671.9076839,0.327066063,n/a,n/a,171.4374588,0.08345101,297.4017653,0.144766948
North Park,18514,17931,-583,18442,4406,4007,3655,2729,2539,1106,38.18008032,9358,3632,473,4541,438,17774,14931,9334,8485,849,5597,371,7893,5039,878,1397,496,83,12831,11349,5831,1721,1464,971,847,774,753,51818.18182,6530,3301,3229,538,7068,2260,129,1055,1256,2339,5.572229141,307,1659,2675,2427,-9999,1807,2338,2165,556,202,371,1272,1411,220,299451.5539,6666,Health Care,Education,Retail Trade,Accommodation and Food Service,Professional,1137,700,678,601,528,5184,Health Care,Retail Trade,Education,Accommodation and Food Service,Manufacturing,909,741,618,601,568,Outside of Chicago,The Loop,Near North Side,Near West Side,North Park,2916,1039,366,255,197,Outside of Chicago,West Ridge,North Park,Albany Park,Belmont Cragin,2463,265,197,140,134,,,,,,,,,,,,,,,,15313,,,,,,,,,,13.26145784,1613.606662,250.8373656,0.15545137,247.8411877,0.153594549,5.21448075,0.003231569,79.26175296,0.049120864,390.9772243,0.242300205,70.33218996,0.043586948,316.2174052,0.195969323,n/a,n/a,244.5678055,0.151565937,8.357249774,0.005179236
Norwood Park,37543,37023,-520,36247,7398,5975,7934,8084,3987,2869,44.25344828,29297,4295,335,1520,800,35694,29620,19425,18031,1394,10194,525,17224,13507,1582,1767,333,35,27019,24911,9524,2418,2565,2520,1979,2803,2026,71282.05128,14311,11567,2743,1386,15696,11193,202,923,571,2797,5.943055883,298,2635,9529,3235,-9999,1931,4929,6668,1726,442,1329,5024,4368,802,286599.4563,18172,Public Administration,Health Care,Education,Retail Trade,Professional,2280,2195,2011,1588,1412,13648,Health Care,Administration,Accommodation and Food Service,Retail Trade,Finance,7976,1410,840,637,539,Outside of Chicago,The Loop,Near North Side,Norwood Park,Near West Side,8548,4062,848,717,606,Outside of Chicago,Norwood Park,Portage Park,Dunning,Belmont Cragin,7249,717,420,333,318,,,,,,,,,,,,,,,,14904,,,,,,,,,,3.087742836,2799.795813,1320.782312,0.47174237,133.6968989,0.047752375,13.14411831,0.00469467,98.05105154,0.035020787,197.6347709,0.070588994,15.39839564,0.005499828,895.5346184,0.319857117,n/a,n/a,111.9214146,0.039974849,13.63223333,0.00486901
O'Hare,11665,12756,1091,13695,3011,3191,3169,2372,1577,375,37.13712838,10316,1161,106,1501,612,13683,11064,7145,6522,624,3919,250,6092,4783,315,926,39,29,10250,8833,3297,2031,1249,1311,1006,458,267,46638.41808,6321,2778,3548,359,6685,861,38,435,390,4962,4.541978022,371,3420,2727,167,-9999,1840,3371,1392,14,67,1231,951,545,48,168483.4123,5231,Health Care,Retail Trade,Accommodation and Food Service,Manufacturing,Professional,632,486,452,446,418,48138,Transportation,Accommodation and Food Service,Information,Professional,Administration,27468,3589,2840,2745,2593,Outside of Chicago,The Loop,O'Hare,Near North Side,Near West Side,2774,766,426,184,134,Outside of Chicago,Lake View,Austin,Portage Park,West Town,32852,741,686,677,640,,,,,,,,,,,,,,,,31817,,,,,,,,,,106.2076201,8536.170971,97.33690873,0.011402877,134.0275587,0.015701133,n/a,n/a,139.8216881,0.016379907,55.98462537,0.006558517,32.67397287,0.003827708,6481.928012,0.759348429,n/a,n/a,1454.513358,0.170394122,139.8848473,0.016387306
Oakland,6110,5918,-192,6422,2248,1143,1468,977,511,75,32.51621622,142,209,5946,109,16,6422,4732,3155,2477,678,1577,108,2306,1160,178,880,75,13,3708,3156,1044,1279,709,348,130,149,178,28435.67251,2793,558,2235,345,3138,269,92,102,292,2383,4.40593047,1515,786,569,268,-9999,1022,1188,700,151,77,122,281,110,45,196666.6667,2206,Health Care,Education,Administration,Accommodation and Food Service,Retail Trade,410,291,229,203,193,249,Health Care,Real Estate,Accommodation and Food Service,Education,Retail Trade,115,56,50,16,4,The Loop,Outside of Chicago,Near North Side,Near West Side,Hyde Park,597,511,198,191,83,Outside of Chicago,South Shore,Oakland,South Chicago,Austin,89,11,11,9,8,,,,,,,,,,,,,,,,10286,,,,,,,,,,10.38848323,372.036837,25.68035992,0.06902639,56.80901625,0.152697289,0.142606977,0.000383314,2.285026309,0.006141936,63.40070854,0.170415137,n/a,n/a,117.1550084,0.314901635,n/a,n/a,66.71483932,0.179323209,39.84927127,0.10711109
Portage Park,65340,64124,-1216,64841,15210,14414,14529,13380,5286,2023,37.92233952,32639,27107,812,2868,1415,64760,52653,37416,33926,3490,15237,793,32533,21454,3998,5830,856,395,45298,37503,11163,4722,5153,4606,2890,3154,2065,57030.70827,22589,12933,9657,2193,24782,10422,207,5835,4208,4047,5.751557745,592,2380,6982,14827,-9999,3992,9370,7170,2969,1281,1704,7031,3845,258,253753.9936,26218,Health Care,Retail Trade,Manufacturing,Accommodation and Food Service,Administration,3340,2865,2585,2424,2219,7775,Retail Trade,Health Care,Accommodation and Food Service,Finance,Other Service,1957,1922,694,563,514,Outside of Chicago,The Loop,Near North Side,Near West Side,Portage Park,11895,3932,1570,1055,830,Outside of Chicago,Portage Park,Belmont Cragin,Dunning,Logan Square,3713,830,343,295,189,,,,,,,,,,,,,,,,15569,,,,,,,,,,1.080502206,2529.754309,936.1514518,0.370056273,401.2645449,0.15861799,42.14464847,0.016659582,145.7215322,0.057603037,90.09048821,0.035612347,21.74474068,0.008595594,811.8872371,0.320935213,n/a,n/a,70.06084356,0.027694722,10.68882231,0.004225241
Pullman,8921,7325,-1596,6501,1531,1353,1274,1316,820,207,40.04090909,464,551,5380,34,72,6501,5238,3384,2728,656,1854,37,2628,1551,254,730,93,0,4656,4070,1005,1085,710,499,337,225,38,36728.39506,2894,1276,1618,556,3450,985,1511,311,327,306,5.552356021,8,328,1509,1605,-9999,458,1489,1151,278,74,921,315,16,24,123391.0891,2709,Health Care,Education,Administration,Retail Trade,Accommodation and Food Service,518,383,261,254,233,2539,Manufacturing,Transportation,Wholesale Trade,Education,Retail Trade,745,525,485,364,192,Outside of Chicago,The Loop,Near West Side,Near North Side,Hyde Park,1078,567,150,138,60,Outside of Chicago,Roseland,East Side,West Pullman,Washington Heights,1320,80,79,49,48,,,,,,,,,,,,,,,,13259,,,,,,,,,,0.424461914,1354.48933,139.5140872,0.103001245,78.20551807,0.05773801,2.180721407,0.001609995,55.89225081,0.041264445,164.3894156,0.121366342,255.7564646,0.188821321,445.2487058,0.328720718,n/a,n/a,2.759426902,0.002037245,210.5427398,0.155440678
Riverdale,9809,6482,-3327,7090,3466,1463,1108,706,276,71,20.59747899,77,278,6676,26,33,7042,4151,2353,1393,960,1798,80,1280,654,77,437,104,8,3003,2238,151,1543,534,110,91,16,0,14845.50562,2294,241,2053,972,3266,540,1542,141,102,941,4.996882307,30,279,2375,582,-9999,431,1263,1244,270,58,228,13,0,0,55571.42857,1533,Health Care,Retail Trade,Administration,Accommodation and Food Service,Transportation,337,169,163,161,130,1153,Manufacturing,Utilities,Transportation,Professional,Health Care,290,255,166,138,95,Outside of Chicago,The Loop,Near West Side,Near North Side,Douglas,720,177,98,93,29,Outside of Chicago,West Pullman,Auburn Gresham,Roseland,Ashburn,834,18,16,15,13,,,,,,,,,,,,,,,,9844,,,,,,,,,,37.99731727,2258.712054,222.4637421,0.098491413,49.85678259,0.022073102,0.834437822,0.000369431,28.72912568,0.012719251,58.48778599,0.025894308,252.3136175,0.111706854,1143.900387,0.506439227,6.084900241,0.002693969,269.4009795,0.119271945,226.6402959,0.1003405
Rogers Park,63484,54991,-8493,54402,11852,16546,12865,8665,3352,1122,33.83299982,22769,13135,13320,3501,1677,50990,45273,31691,28580,3093,13582,1678,26479,9696,2069,11558,2678,478,37029,31167,15502,8418,6171,3935,2128,1991,1177,37223.34004,23820,5925,17895,3744,27564,1515,609,855,3074,21498,4.425862326,1163,3430,7419,15552,-9999,14090,9008,3365,728,373,1950,2624,931,375,189788.1356,21985,Health Care,Education,Accommodation and Food Service,Retail Trade,Professional,3543,2523,2371,2155,1997,10260,Education,Health Care,Manufacturing,Other Service,Accommodation and Food Service,3678,1757,1646,1041,733,Outside of Chicago,The Loop,Near North Side,Near West Side,Rogers Park,8718,3630,2260,1070,1057,Outside of Chicago,Rogers Park,West Ridge,Edgewater,Uptown,4525,1057,704,513,280,,,,,,,,,,,,,,,,9001,,,,,,,,,,1.269229598,1175.921114,145.8700786,0.124047504,372.6376492,0.316890006,21.81279037,0.018549535,60.75746499,0.051667977,80.27974397,0.068269668,49.88507561,0.042422128,371.12358,0.315602446,n/a,n/a,69.04862858,0.058718759,4.506102981,0.003831977
Roseland,52723,44619,-8104,42505,11631,7897,7019,8612,5569,1777,38.85670927,557,450,40846,185,467,41827,33790,18155,13540,4586,15635,370,12894,7463,1019,3913,460,39,28088,23648,5573,5109,3890,2340,1238,1373,382,37241.97248,14332,8012,6320,3450,17782,10414,1460,2511,1383,1955,6.255652174,812,1230,8942,6798,-9999,1551,5408,6818,2656,1349,5120,2561,162,120,125714.5904,12893,Health Care,Education,Retail Trade,Administration,Transportation,2568,1602,1269,1259,1027,3499,Health Care,Administration,Accommodation and Food Service,Transportation,Retail Trade,1021,808,415,395,335,Outside of Chicago,The Loop,Near West Side,Near North Side,Hyde Park,4744,2834,797,670,248,Outside of Chicago,Roseland,West Pullman,Auburn Gresham,Washington Heights,1731,226,134,109,87,,,,,,,,,,,,,,,,13634,,,,,,,,,,1.65286838,3083.418424,1138.096106,0.369102065,182.0211023,0.059032242,15.56613147,0.005048336,71.91451278,0.023322982,322.0407848,0.104442778,10.6467608,0.003452908,1124.944384,0.364836759,n/a,n/a,70.2551705,0.022784832,147.9334709,0.047977099
South Chicago,38596,31198,-7398,28095,8536,5733,5213,4858,2751,1004,34.06318427,782,6083,20818,110,302,27929,21333,12409,9700,2709,8924,318,9134,5184,711,2862,229,148,17287,13325,2766,4636,2828,1216,734,489,287,28503.81679,10190,3965,6225,3818,14008,4151,373,3391,3121,2957,5.636477672,447,1362,4990,7209,-9999,2463,4742,4803,1379,621,2585,1184,124,72,119157.4202,8364,Health Care,Administration,Education,Retail Trade,Accommodation and Food Service,1691,877,822,781,721,2908,Health Care,Accommodation and Food Service,Retail Trade,Construction,Education,1114,631,356,149,145,Outside of Chicago,The Loop,Near West Side,Near North Side,South Chicago,3103,1542,591,509,200,Outside of Chicago,South Chicago,East Side,South Shore,South Deering,1400,200,141,100,85,,,,,,,,,,,,,,,,11994,,,,,,,,,,2.238528678,2140.676044,367.1551356,0.171513638,271.2628687,0.126718318,24.12332057,0.01126902,65.83602392,0.030754781,73.27097232,0.034227959,34.46740967,0.01610118,631.8325499,0.295155613,n/a,n/a,62.8914632,0.029379253,609.8363004,0.284880238
South Deering,16990,15109,-1881,15305,4415,2925,2670,3004,1851,440,37.06367925,592,4580,9971,8,154,15221,11928,6989,5222,1767,4939,214,4841,3000,572,1198,50,21,9739,7673,1052,1984,1434,830,371,337,112,35056.02241,5068,2928,2140,718,5786,2737,1674,639,307,393,5.925537493,8,451,3511,1816,-9999,387,2054,2368,672,305,2373,502,6,36,106118.5133,4580,Health Care,Education,Administration,Retail Trade,Accommodation and Food Service,814,485,445,424,407,6536,Manufacturing,Transportation,Wholesale Trade,Retail Trade,Administration,4246,523,424,384,363,Outside of Chicago,The Loop,Near West Side,Near North Side,South Deering,1668,900,263,261,105,Outside of Chicago,East Side,South Deering,Roseland,Hegewisch,4782,138,105,104,92,,,,,,,,,,,,,,,,14866,,,,,,,,,,36.13859525,6974.220837,417.0314979,0.059796142,63.41777427,0.00909317,8.325779504,0.001193794,63.86887209,0.009157851,40.47882316,0.005804064,646.2431988,0.092661706,4541.853751,0.651234576,n/a,n/a,553.1012003,0.079306522,639.8999398,0.091752176
South Lawndale,91071,79288,-11783,73826,24137,19875,16014,9057,3641,1102,29.01023018,2267,62928,8158,181,292,65932,54964,29229,25383,3846,25735,627,24405,12380,5596,4080,2006,343,42353,20862,2461,7368,6316,2631,845,715,173,30700.55797,18048,6452,11596,3441,21489,3700,477,8030,6324,2881,4.962476437,250,766,2208,18265,-9999,2617,10852,6056,1255,709,3446,2727,275,4,143090.4523,16728,Manufacturing,Administration,Retail Trade,Health Care,Accommodation and Food Service,2905,2339,1753,1716,1647,11188,Health Care,Manufacturing,Administration,Transportation,Accommodation and Food Service,2013,2010,1421,1395,1139,Outside of Chicago,The Loop,Near West Side,South Lawndale,Near North Side,7450,1818,865,734,695,Outside of Chicago,South Lawndale,Brighton Park,Austin,Chicago Lawn,5518,734,224,189,184,,,,,,,,,,,,,,,,11173,,,,,,,,,,0.348515963,2938.436588,238.1139764,0.08103424,437.0477475,0.14873479,42.99371234,0.014631492,107.5563413,0.036603254,318.1655806,0.108277164,488.6452748,0.166294307,1057.503448,0.359886428,n/a,n/a,25.72953947,0.0087562,222.6809672,0.075782124
South Shore,61556,52010,-9546,51451,13856,10799,9730,10365,4849,1852,36.52042029,1104,894,48089,182,1182,50431,40455,23772,18497,5276,16682,734,17365,8752,1235,6823,372,183,33537,29049,7376,10943,5036,3248,1617,1199,502,26425.17301,22545,5187,17358,6377,28922,3775,655,2438,5763,16260,5.058439675,931,2905,12271,12815,-9999,10623,9741,6033,1773,752,2602,1776,560,240,149170.9184,15654,Health Care,Administration,Education,Accommodation and Food Service,Retail Trade,3202,1665,1646,1475,1447,3926,Health Care,Retail Trade,Other Service,Administration,Accommodation and Food Service,1734,719,321,281,219,Outside of Chicago,The Loop,Near North Side,Near West Side,Hyde Park,4991,3127,1398,1136,419,Outside of Chicago,South Shore,Greater Grand Crossing,Auburn Gresham,Chatham,1525,332,103,101,100,,,,,,,,,,,,,,,,9846,,,,,,,,,,2.81289248,1877.044523,373.164648,0.198804367,465.6814639,0.248092924,19.64260924,0.010464647,94.49946609,0.050344819,72.08705795,0.038404554,14.50662207,0.007728438,610.504028,0.325247494,0.071970941,3.83E-05,144.726131,0.077103196,82.1605258,0.043771218
The Loop,16388,29283,12895,33442,4915,14245,5903,5855,2137,387,32.31094021,20378,2156,4131,5733,1044,29502,31273,22787,21494,1202,8486,1906,19442,4968,684,4817,8492,481,24846,24408,19569,3139,2009,2150,2396,3355,5046,93254.3823,18095,7455,10640,3371,21466,417,186,72,28,20639,3.701463684,8775,6806,2090,3795,-9999,11297,8093,1806,236,34,539,2122,2829,1358,338207.311,15196,Professional,Finance,Health Care,Education,Administration,3015,2161,1639,1544,970,392758,Professional,Finance,Education,Public Administration,Administration,92538,68570,60621,47458,32560,The Loop,Outside of Chicago,Near North Side,Near West Side,Hyde Park,5791,4241,1442,1334,452,Outside of Chicago,Lake View,Near North Side,West Town,Lincoln Park,176694,16170,13654,10021,9890,,,,,,,,,,,,,,,,7080,,,,,,,,,,7.471548052,1059.099001,7.622000148,0.007196683,80.46013414,0.075970362,0.724218415,0.000683806,213.3039883,0.201401369,34.07594636,0.032174467,0.608380061,0.000574432,425.2176683,0.40149001,n/a,n/a,249.86351,0.235920825,47.22315514,0.044588046
Uptown,63551,56362,-7189,55137,6638,18609,13179,10143,4378,2190,37.33868215,30371,6402,11445,4831,2088,52447,49383,35418,31941,3472,13965,2206,29204,10452,1446,14216,2406,684,44870,40086,24740,9911,5462,4097,3244,3379,3138,45710.64553,29231,8797,20434,3117,32348,1354,578,600,2293,27492,4.028653295,2105,5469,7939,16835,-9999,18006,9023,4440,608,271,1772,3713,2458,807,257241.9106,25628,Health Care,Professional,Accommodation and Food Service,Education,Finance,3570,3353,2746,2637,2175,12320,Health Care,Education,Retail Trade,Accommodation and Food Service,Real Estate,5441,1436,1076,870,734,Outside of Chicago,The Loop,Near North Side,Near West Side,Uptown,7693,5847,3266,1679,1130,Outside of Chicago,Uptown,Edgewater,West Ridge,Rogers Park,3914,1130,658,475,443,,,,,,,,,,,,,,,,7492,,,,,,,,,,6.446096397,1487.38987,84.76170438,0.056986878,352.4106732,0.23693228,23.78243204,0.015989373,69.5041281,0.046728924,243.701064,0.163844779,8.770309214,0.005896443,340.8285063,0.229145373,n/a,n/a,355.418417,0.238954442,8.2126363,0.005521509
Washington Heights,29843,26493,-3350,27116,6112,4857,4820,5940,3860,1527,42.83684211,351,287,25968,0,510,26894,22766,13177,10583,2594,9589,228,10098,6228,969,2667,107,127,18965,16929,3973,2597,2711,1595,1288,1045,265,44071.26168,9501,6522,2979,959,10460,7842,161,543,678,1218,6.362371446,237,1174,6041,3008,-9999,884,2529,4910,1594,543,3675,2682,104,61,139833.0059,8647,Health Care,Education,Retail Trade,Administration,Public Administration,1683,1077,814,808,739,2171,Health Care,Information,Retail Trade,Education,Accommodation and Food Service,483,424,392,350,155,Outside of Chicago,The Loop,Near North Side,Near West Side,Hyde Park,2893,2029,645,642,177,Outside of Chicago,Roseland,Washington Heights,Auburn Gresham,West Pullman,1097,78,78,74,51,,,,,,,,,,,,,,,,14440,,,,,,,,,,1.809836365,1828.185338,795.7342448,0.435259067,68.95230649,0.037716256,9.911146168,0.005421303,55.55666134,0.030388966,84.4796659,0.046209574,36.64109477,0.020042331,676.112124,0.369826904,n/a,n/a,49.07552286,0.026843844,51.72257135,0.028291755
Washington Park,14146,11717,-2429,12081,4876,2810,1905,1631,612,247,26.62634474,48,158,11595,9,271,12022,8107,4967,3389,1578,3140,69,3189,1234,316,1305,284,50,6312,5093,1067,2340,969,582,254,143,48,22084.74576,4336,683,3653,1372,5708,266,190,438,1299,3510,5.281850962,594,1088,1602,2424,-9999,1104,2008,2030,481,85,305,280,78,20,163619.403,3327,Health Care,Retail Trade,Accommodation and Food Service,Education,Administration,705,379,337,335,334,465,Education,Accommodation and Food Service,Construction,Arts and Entertainment,Manufacturing,93,73,54,50,46,Outside of Chicago,The Loop,Near North Side,Near West Side,Hyde Park,1021,621,262,259,94,Outside of Chicago,Greater Grand Crossing,South Shore,Roseland,New City,160,19,18,16,12,,,,,,,,,,,,,,,,8614,,,,,,,,,,28.88913335,972.7704732,15.28707889,0.015714991,128.8734445,0.132480835,5.143456486,0.005287431,20.87179876,0.021456036,46.65165727,0.047957518,9.098482816,0.009353165,229.7643305,0.236195831,n/a,n/a,349.00962,0.358779002,168.0706041,0.172775191
West Elsdon,15921,18109,2188,19219,6366,4451,3904,2678,1341,480,31.18344849,3241,15402,264,306,7,19205,14303,9285,7914,1371,5018,79,7461,5034,854,1279,281,13,11081,7821,987,1182,1640,993,566,616,92,44791.12272,5088,3516,1571,303,5390,3790,169,481,490,443,5.832374928,62,996,3544,789,-9999,305,1742,2271,705,367,1489,1858,133,37,160429.5666,6275,Manufacturing,Administration,Retail Trade,Accommodation and Food Service,Health Care,966,658,644,637,605,1784,Retail Trade,Accommodation and Food Service,Finance,Health Care,Wholesale Trade,568,368,173,156,125,Outside of Chicago,The Loop,Near North Side,Near West Side,Lower West Side,2646,994,321,281,153,Outside of Chicago,West Elsdon,West Lawn,Gage Park,Brighton Park,884,114,74,49,46,,,,,,,,,,,,,,,,16389,,,,,,,,,,0.83556441,750.9433329,339.2238214,0.451730252,41.77463154,0.055629539,5.019822209,0.006684688,47.14012126,0.062774539,15.27799084,0.020345065,35.24218766,0.046930555,239.6906072,0.319186011,n/a,n/a,16.0587124,0.021384719,11.51543838,0.01533463
West Englewood,45282,35505,-9777,32156,9584,6597,5930,5373,3516,1156,34.65162402,235,1563,29955,11,392,31914,24715,13296,8674,4622,11419,350,8070,4284,579,2780,385,42,20118,15334,1566,4562,2762,1294,640,354,132,27399.3808,9744,4636,5108,3346,13090,6562,232,3888,1533,849,6.077430456,411,1110,4168,7401,-9999,1138,3782,5055,1981,1134,3727,821,33,51,87955.8011,9495,Health Care,Retail Trade,Administration,Accommodation and Food Service,Education,1968,1085,1042,906,838,1559,Health Care,Retail Trade,Accommodation and Food Service,Other Service,Wholesale Trade,602,403,106,75,69,Outside of Chicago,The Loop,Near West Side,Near North Side,Hyde Park,3607,1409,716,622,173,Outside of Chicago,West Englewood,Chicago Lawn,Roseland,New City,733,75,44,34,32,,,,,,,,,,,,,,,,10669,,,,,,,,,,2.549699159,2019.001194,500.6171284,0.247952864,199.3665666,0.098745145,18.53630348,0.009180927,51.51527618,0.025515228,95.56410458,0.047332367,42.35598672,0.020978683,754.577246,0.37373789,n/a,n/a,81.98812617,0.04060826,274.4804562,0.135948635
West Garfield Park,23019,18001,-5018,17742,6237,3803,3291,2592,1402,417,29.37765554,315,354,16962,61,50,17589,12648,5699,4682,1017,6949,195,4337,2200,207,1492,150,288,10048,7275,400,2772,1260,691,455,137,44,23947.36842,5359,1380,3979,2271,7630,824,78,2909,1842,1977,5.854278875,212,375,891,6152,-9999,1497,2095,2979,818,240,720,564,89,7,142500,5133,Health Care,Administration,Retail Trade,Accommodation and Food Service,Education,1033,628,617,470,395,4032,Public Administration,Retail Trade,Manufacturing,Health Care,Finance,2046,400,359,236,225,Outside of Chicago,The Loop,Near West Side,Near North Side,Austin,2103,686,355,275,185,Outside of Chicago,Austin,Garfield Ridge,Norwood Park,Portage Park,985,141,112,109,106,,,,,,,,,,,,,,,,7738,,,,,,,,,,0.277503776,828.5777955,50.69603031,0.061184394,190.4468651,0.229847899,9.528118166,0.011499365,36.68027472,0.044268957,44.59465886,0.053820726,38.97328098,0.047036357,333.6664568,0.402697802,n/a,n/a,4.923471988,0.005942076,119.0686386,0.143702425
West Lawn,29235,33355,4120,32749,10654,7741,6901,4670,1869,914,31.51985319,4989,26395,1067,178,120,32735,24403,16396,14185,2211,8007,239,13478,9108,2096,1879,366,29,19759,13321,2187,1630,2874,1836,1389,1063,282,50384.16764,9074,6554,2520,700,9774,6603,120,1243,805,955,6.319831869,391,1225,6375,1783,-9999,898,2167,3953,1955,801,3091,3308,130,23,153501.1355,11090,Manufacturing,Retail Trade,Health Care,Administration,Accommodation and Food Service,1640,1126,1119,1099,1079,5799,Manufacturing,Retail Trade,Education,Accommodation and Food Service,Health Care,2107,1125,675,535,366,Outside of Chicago,The Loop,Near West Side,Near North Side,West Lawn,4675,1743,589,589,280,Outside of Chicago,West Lawn,Chicago Lawn,Ashburn,South Lawndale,2985,280,191,160,101,,,,,,,,,,,,,,,,14661,,,,,,,,,,1.088663646,1889.699297,615.3895732,0.325654761,84.49047987,0.044711071,10.79440733,0.005712235,169.1717153,0.089523087,105.7792021,0.055976738,192.9024774,0.102081044,636.6899771,0.336926609,n/a,n/a,35.65264575,0.018866835,38.82881898,0.020547618
West Pullman,36649,29651,-6998,27982,8308,5399,4966,5185,3288,835,35.91611516,280,1351,26132,67,152,27906,21376,12304,9095,3209,9072,383,8443,5536,692,1900,233,82,17537,14452,2533,3555,2185,1518,919,596,285,33898.4375,9058,5513,3546,2211,11270,7633,329,1941,580,580,6.32294226,247,1228,5861,3935,-9999,709,2664,5478,1727,693,4270,1146,26,56,109774.3521,8479,Health Care,Education,Retail Trade,Administration,Accommodation and Food Service,1644,956,879,818,741,954,Retail Trade,Manufacturing,Health Care,Transportation,Construction,306,221,118,76,53,Outside of Chicago,The Loop,Near West Side,Near North Side,Roseland,3333,1720,543,480,134,Outside of Chicago,West Pullman,Roseland,Auburn Gresham,West Englewood,572,59,33,20,19,,,,,,,,,,,,,,,,15836,,,,,,,,,,3.123312733,2281.111063,855.9094983,0.375216057,116.8728884,0.051235071,12.4076734,0.005439311,45.0310791,0.019740853,87.80986747,0.038494341,60.41010325,0.026482754,798.3382422,0.349977805,0.212535812,9.32E-05,87.39653689,0.038313144,216.7226378,0.095007491
West Ridge,73199,71942,-1257,72211,19462,15563,14244,13754,6727,2461,36.00827461,31978,12672,8110,16868,2583,70585,55819,36075,32885,3190,19744,986,31242,18351,3709,5906,2797,479,48333,40015,19004,6630,6447,3869,2671,3064,1725,46091.23435,24406,11376,13030,3470,27876,5096,1390,2605,6940,11750,5.424747758,1017,2997,11914,11948,-9999,7199,10066,8576,1489,546,3640,3569,3613,528,233175.5594,25864,Health Care,Retail Trade,Education,Accommodation and Food Service,Professional,4767,2742,2610,2511,2021,10342,Health Care,Retail Trade,Professional,Accommodation and Food Service,Other Service,5137,1203,987,708,514,Outside of Chicago,The Loop,Near North Side,West Ridge,Near West Side,11547,3608,1704,1393,952,Outside of Chicago,West Ridge,Rogers Park,Edgewater,Albany Park,5003,1393,371,357,217,,,,,,,,,,,,,,,,14339,,,,,,,,,,2.610840132,2259.621095,553.235061,0.244835323,511.7139504,0.22646007,27.33477098,0.01209706,140.0238537,0.061967847,169.040756,0.074809337,2.584204356,0.001143645,655.6195444,0.290145789,n/a,n/a,188.5313768,0.083434952,11.53757719,0.005105979
West Town,87435,82236,-5199,86429,15453,37151,19877,8986,3637,1325,31.87092962,50531,23321,6480,3517,2580,85747,73447,59403,55658,3745,14043,3530,51042,22178,3546,18345,6141,832,65048,57746,40603,6743,6168,5856,4588,6228,8138,75509.48126,37721,14262,23459,3098,40819,4242,1678,5580,13981,15306,4.912209665,8098,6799,4848,21074,-9999,9037,18792,9862,2502,626,661,2856,6289,4256,385644.6503,43802,Professional,Health Care,Accommodation and Food Service,Education,Finance,6353,4810,4096,3931,3847,36931,Administration,Health Care,Accommodation and Food Service,Retail Trade,Information,7292,5300,4459,3407,3070,Outside of Chicago,The Loop,Near North Side,Near West Side,West Town,13598,10021,5002,3649,3245,Outside of Chicago,West Town,Logan Square,Lake View,Humboldt Park,15051,3245,1601,1263,798,,,,,,,,,,,,,,,,10809,,,,,,,,,,2.801020184,2928.441339,224.1263185,0.076534338,685.5029709,0.234084583,137.8916065,0.04708703,162.0883119,0.055349687,132.6755707,0.045305866,190.7332229,0.065131311,1085.9356,0.37082375,n/a,n/a,242.0893735,0.082668336,67.39836433,0.023015098
Woodlawn,27086,23740,-3346,24150,8195,5151,4574,3708,1968,554,30.86377187,1865,585,20456,747,497,22739,18172,9533,7359,2173,8640,288,6749,3109,385,2202,933,120,13692,11392,3193,4706,1998,924,765,453,271,23985.55708,9117,1932,7185,2984,12101,982,421,2096,3088,5488,5.303376535,903,2711,3722,4765,-9999,3028,3853,3813,1080,327,931,754,174,73,153888.8889,7326,Health Care,Education,Administration,Accommodation and Food Service,Retail Trade,1541,1022,721,660,658,1927,Education,Accommodation and Food Service,Health Care,Real Estate,Retail Trade,454,294,255,243,168,Outside of Chicago,The Loop,Near North Side,Hyde Park,Near West Side,2308,1373,591,580,541,Outside of Chicago,Woodlawn,Hyde Park,South Shore,Greater Grand Crossing,535,135,77,66,65,,,,,,,,,,,,,,,,8756,,,,,,,,,,14.79836375,1325.313158,63.91846306,0.048228951,253.7447962,0.191460256,6.418449479,0.004842968,35.4613048,0.026756925,141.2768746,0.106598862,3.764897085,0.00284076,341.125558,0.257392418,n/a,n/a,357.3804847,0.269657388,122.2223297,0.092221472
